geo,name,1960,1961,1962,1963,1964,1965,1966,1967,1968,1969,1970,1971,1972,1973,1974,1975,1976,1977,1978,1979,1980,1981,1982,1983,1984,1985,1986,1987,1988,1989,1990,1991,1992,1993,1994,1995,1996,1997,1998,1999,2000,2001,2002,2003,2004,2005,2006,2007,2008,2009,2010,2011,2012,2013,2014,2015,2016,2017,2018,2019,2020,2021,2022,2023,2024
afg,Afghanistan,,,,,,,,,,,,,,,,,,,,,,,,,,,,,,,,,,,,,,,,,,,38.62789,37.41886,29.72107,31.11485,28.63597,30.10501,24.89227,29.2975,26.21007,23.74366,24.39087,22.81066,22.13704,20.63432,25.74031,26.4202,22.0429,25.77397,29.97558,33.59762,33.70143,34.74325,
ago,Angola,,,,,,,,,,,,,,,,,,,,,,,,,,,,,,,,,,,,6.65321,7.02687,9.00202,12.91118,6.29026,5.66469,8.15638,5.83955,6.19838,6.25088,5.0604,5.19128,5.24228,4.80534,6.6212,6.18029,5.84568,6.06963,6.50749,7.54706,9.12253,9.83117,10.017,8.60774,7.88263,9.94654,11.48635,13.73779,14.89328,16.42696
alb,Albania,,,,,,,,,,,,,,,,,,,,,,,,,,,,,,,,,,,,32.83745,33.56166,28.94131,26.26104,23.62257,22.17901,20.45241,19.76392,19.80762,18.56308,17.12472,16.04158,15.53255,15.4221,15.27922,16.35861,16.72022,17.59137,18.92482,19.23776,18.74716,19.16719,18.07908,17.91556,18.1604,18.80614,17.79321,16.98448,16.22257,15.49801
and,Andorra,,,,,,,,,,,,,,,,,,,,,,,,,,,,,,,,,,,,,,,,,0.51706,0.44195,0.38589,0.41912,0.41474,0.38058,0.35352,0.3688,0.40692,0.41893,0.46651,0.49056,0.60116,0.58556,0.53762,0.51342,0.522,0.55954,0.54637,0.52263,0.55944,0.53184,0.48749,0.47849,0.46592
are,UAE,,,,,,,,,,,,,,,,0.54019,0.54509,0.48516,0.62907,0.54722,0.4906,0.54831,0.64037,0.7306,0.84247,0.92583,1.18452,1.14323,1.19774,1.19303,1.05843,1.29777,1.37862,1.4809,1.83043,1.78707,1.79243,2.00402,2.18089,2.33325,2.26265,2.2382,2.20332,1.92768,1.66536,1.39541,1.09424,0.97667,0.82731,1.03689,0.73503,0.65142,0.62794,0.63317,0.62872,0.72367,0.75086,0.76176,0.71146,0.74671,0.96389,0.94342,0.70335,0.70121,
arg,Argentina,,,,,,12.90416,10.27876,9.98039,9.72128,9.18581,9.63756,10.86588,10.98487,11.95252,10.23084,6.58391,8.15217,8.08714,7.50443,7.79628,6.35351,6.47552,9.59616,8.65832,8.34598,7.63431,7.8004,8.09436,8.97787,9.61607,8.12368,6.71649,5.99079,5.13683,5.08267,5.35146,5.61087,5.22197,5.25272,4.45783,4.67991,4.56859,10.20665,10.32817,8.36249,7.93875,6.93557,7.45235,7.31895,5.27362,7.13217,6.99873,5.78174,6.05292,6.7127,5.15669,6.26457,5.23162,4.53788,5.31856,6.35703,7.29128,6.6383,5.92985,5.9816
arm,Armenia,,,,,,,,,,,,,,,,,,,,,,,,,,,,,,,,,,,,,,,,,,,,,,,,,,,,,17.91268,18.43476,18.07204,17.22312,16.39047,14.99426,13.94231,11.52561,11.34981,11.34355,10.1467,8.48156,7.92446
atg,Antigua and Barbuda,,,,,,,,,,,,,,,,,,4.96966,4.45922,3.51458,2.98921,2.85856,2.59235,2.54838,1.92153,1.99639,1.74131,1.7618,1.616,1.54357,1.59918,1.58257,1.58408,1.51772,1.35331,1.39599,1.35956,1.42768,1.36745,1.35374,1.2891,1.28988,1.36173,1.36023,1.24103,1.32912,1.2327,1.17905,1.13039,1.11203,1.21465,1.41519,1.37702,1.484,1.44123,1.44568,1.4585,1.66091,1.62679,1.64671,2.27894,2.0808,1.95566,1.94327,
aus,Australia,,,,,,,,,,,,,,,,,,,,,,,,,,,,,,,4.19345,3.1712,3.0429,3.2526,3.33807,3.0096,3.37884,3.22941,3.02882,3.04757,3.11043,3.49688,3.94503,2.88741,3.06161,2.88586,2.73103,2.20601,2.34209,2.3011,2.20444,2.2924,2.26782,2.28548,2.22074,2.37599,2.40555,2.70645,2.46004,2.11578,2.01225,2.30384,2.67323,2.5735,2.21817
aut,Austria,,,,,,,,,,,,,,,,,5.16883,4.46412,4.46866,4.34143,4.37937,4.0155,3.69067,3.45398,3.6262,3.17354,3.26647,3.23664,3.08578,3.04842,3.13503,2.8457,2.48337,2.23143,2.40058,2.18502,1.9765,1.96703,1.83847,1.78103,1.6709,1.70826,1.59223,1.48693,1.49318,1.28239,1.32752,1.46196,1.38504,1.17655,1.29289,1.46131,1.41768,1.27785,1.27556,1.14363,1.14928,1.1999,1.10911,1.04463,1.07138,1.21594,1.37475,1.29697,1.22893
aze,Azerbaijan,,,,,,,,,,,,,,,,,,,,,,,,,,,,,,,26.50068,30.48278,26.05963,27.10955,32.34566,25.34446,24.96158,20.12792,18.148,18.39951,16.08486,14.83746,13.95464,12.42566,10.98802,9.14753,7.09104,6.54008,5.57089,6.12193,5.54457,5.07623,5.13977,5.36626,5.31941,6.17764,5.60511,5.60737,5.21238,5.69538,6.73895,5.72598,4.61221,5.51059,5.65717
bdi,Burundi,,,,,,,,,,,65.33139,64.76177,60.77313,63.31364,61.03422,61.3036,59.47548,55.58016,53.96402,53.83225,57.57194,58.1426,52.61268,53.48219,54.65986,55.95197,52.51959,50.55635,48.21563,47.12209,51.05685,48.59791,48.00452,47.16981,40.73233,42.02269,53.38092,42.42186,44.5387,47.6353,44.10704,43.84314,43.33361,42.84128,41.9026,40.84812,40.63768,34.93417,38.00482,36.72136,38.43055,36.70458,35.42003,38.3674,34.95819,30.6847,31.54434,28.54665,29.0119,28.84439,28.62495,28.66022,27.56671,25.34187,
bel,Belgium,,,,,,,,,,,,,,,,,,,,,,,,,,,,,,,,,,,,1.30662,1.32831,1.34082,1.25568,1.07624,1.17601,1.10935,1.03313,1.02944,1.02291,0.84064,0.90727,0.88752,0.71234,0.71868,0.84792,0.72624,0.84457,0.76457,0.71652,0.75062,0.67319,0.72953,0.66463,0.71879,0.71282,0.6549,0.69701,0.76922,0.80082
ben,Benin,46.15772,46.19379,44.70927,43.71837,45.52815,44.61943,45.14782,42.08101,38.86807,38.49666,36.32785,34.35774,34.23102,33.62392,31.5337,30.53867,33.19651,31.85509,34.54214,34.99289,35.43269,32.66465,32.5012,33.15764,33.31156,31.54555,33.67106,33.27995,34.38009,37.85688,34.65495,35.04377,33.9419,34.11946,32.29399,33.09016,35.7053,35.78193,36.57665,24.53433,23.54123,25.04816,25.38273,24.45398,26.52085,26.68943,26.6318,26.97109,26.82616,26.97896,25.84114,25.797,25.76898,25.2754,25.61845,26.39209,27.75364,28.48902,28.06477,26.8758,27.10918,28.52895,26.89668,25.40197,24.23172
bfa,Burkina Faso,38.48453,38.30701,37.85878,38.49363,38.68111,35.41478,36.2672,33.41198,31.59393,32.01766,30.51187,30.59941,31.9021,29.39852,30.82462,28.86616,29.01546,28.42249,30.1206,29.37995,28.44634,29.80398,27.51931,27.61483,28.49884,33.90417,29.36043,27.81633,28.5467,27.62771,27.95002,29.79327,28.80981,30.23105,32.94777,33.21722,36.37917,33.73878,36.56356,27.25229,24.91404,26.92043,26.37245,25.96098,23.38144,26.77092,25.22898,21.83949,27.31428,23.20485,24.14339,23.04365,23.75601,23.64109,23.69377,22.6465,21.71472,20.58632,20.99747,18.22052,17.91516,17.29022,18.49671,16.33446,18.58772
bgd,Bangladesh,57.47431,57.98824,57.01857,57.14667,53.35684,52.81869,53.94737,55.85248,53.55574,55.41282,54.5615,51.03131,59.60991,56.63885,56.63655,61.95414,51.91446,48.89806,54.25031,52.45201,32.82389,31.95152,31.4417,31.04603,34.69863,33.00673,32.36915,32.6639,31.31918,30.56164,30.48983,31.67702,30.51753,27.32109,26.72554,27.30437,23.26621,23.24614,22.58742,22.65841,22.71815,21.84834,20.58413,19.81272,19.26696,18.57104,18.03402,17.80654,17.5957,17.10463,17.00118,16.80999,16.17756,15.49328,15.35162,14.783,13.46479,12.95728,12.48008,11.97532,11.99969,11.63286,11.2176,11.00369,11.1648
bgr,Bulgaria,,,,,,,,,,,,,,,,,,,,,14.4186,16.62557,17.17782,14.47948,15.81262,11.86858,12.91955,11.79619,11.45935,10.94186,17.74597,15.39057,11.61803,9.93443,11.49163,9.21832,9.59258,20.47684,13.41156,12.95862,10.97048,10.60325,9.71057,9.09563,8.45219,7.28369,6.09628,4.65178,5.86963,4.23579,4.0325,4.66137,4.43014,4.51542,4.55872,4.06198,4.0549,4.04318,3.39668,3.19616,3.43289,4.32692,3.71124,2.51758,2.0654
bhr,Bahrain,,,,,,,,,,,,,,,,,,,,,,,,,,,,,,,,,,,,,,,,,,,,,,,0.26876,0.29227,0.26481,0.33728,0.28554,0.27987,0.26518,0.26428,0.28797,0.30191,0.316,0.27707,0.27511,0.26867,0.30316,0.26863,0.24616,0.25149,
bhs,Bahamas,,,,,,,,,,,,,,,,,,,,,,,,,2.04302,1.9046,1.81193,1.82756,,2.01251,2.20853,2.83373,2.66301,2.46129,2.67508,2.83415,2.64691,1.56182,1.37856,1.26759,1.34465,1.19863,1.51332,1.34722,1.16175,1.06444,1.17042,1.09339,1.04313,0.90964,1.09749,1.0923,1.07272,0.9279,0.83849,0.8152,0.87704,0.77047,0.67711,0.53476,0.77582,0.45443,0.41448,0.45445,0.51475
bih,Bosnia and Herzegovina,,,,,,,,,,,,,,,,,,,,,,,,,,,,,,,,,,,35.85332,20.7,20.7,17.51805,15.96041,13.26299,9.00146,9.12058,8.8735,8.10502,8.5835,8.29737,8.05429,7.70495,7.20727,7.0766,6.79676,6.75775,6.13767,6.84139,5.95106,6.03757,6.16559,5.43105,5.71878,5.45004,5.91444,5.01932,4.82625,4.65322,4.25445
blr,Belarus,,,,,,,,,,,,,,,,,,,,,,,,,,,,,,,22.86374,22.22222,22.82609,17.15736,13.58961,15.7665,15.0986,13.41793,12.06176,12.70056,12.09683,10.35043,10.12843,8.63563,8.85025,8.51859,8.57873,8.30317,8.66625,8.1309,8.89193,8.00189,8.13094,6.80909,7.30306,6.28321,6.89528,7.5658,6.59011,6.79467,7.07724,6.70662,8.04182,7.2486,6.86598
blz,Belize,,,,,,,,,,,,,,,,,,,28.98019,28.06324,18.02642,17.04698,14.24261,13.78981,13.34596,13.03515,13.29053,14.69954,14.03488,13.32722,13.37842,12.23413,11.83483,11.18417,11.40101,11.97729,11.81172,11.32356,10.63475,11.05724,10.63746,9.5029,9.17527,10.45534,10.34015,9.73592,9.51513,8.68725,8.33285,8.54309,8.76439,8.88591,10.41688,10.09224,10.17888,9.61446,7.70244,8.56021,7.1427,6.53603,8.37555,7.92175,7.74932,8.10115,
bol,Bolivia,,,,,,,,,,,19.50836,19.84481,19.25239,20.12108,21.24637,20.84459,20.6139,20.17776,18.49552,18.05011,16.94874,17.27928,16.08621,19.45814,21.54583,19.01563,16.93318,16.29615,15.73538,15.26314,15.3536,15.5421,14.4042,14.64796,15.24429,14.8593,14.18468,14.91826,12.62543,13.25799,12.96581,13.25565,12.95512,13.42724,13.32238,11.79272,10.93755,10.01116,10.4424,11.15241,10.38991,9.76959,9.81216,9.96698,9.74022,10.23949,11.17188,11.58934,11.48192,12.22176,14.00093,12.92292,12.46873,13.46613,
bra,Brazil,,,,,,,,,,,,,,,,,,,,,,11.4508,5.64905,10.0561,11.85733,11.14536,10.36364,9.36152,9.79724,8.44159,6.96344,6.84139,6.80608,6.77811,8.72199,5.01167,4.76841,4.68505,4.75004,4.64598,4.75046,4.80104,5.47527,6.16718,5.66531,4.65117,4.37004,4.41692,4.56785,4.47677,4.11576,4.34203,4.16833,4.50689,4.32561,4.31915,4.89135,4.60059,4.4204,4.20501,5.71149,6.55876,5.76747,6.02306,5.57967
brb,Barbados,,,,,,,,,,,,,,,,11.50668,8.7922,9.22992,8.24629,8.14359,7.47544,5.751,5.21145,5.45455,5.13843,4.86772,4.70286,5.00583,4.74218,3.72243,3.44453,3.45719,3.43638,3.21928,2.44049,3.20251,3.33403,2.67264,1.99435,2.33451,1.99542,2.11819,1.88959,1.9785,1.6432,1.5866,1.45016,1.34702,1.29586,1.43756,1.79955,1.69849,1.849,1.97161,1.88338,1.80229,1.85338,1.90604,2.37119,2.46991,3.31795,2.29079,1.63502,1.85401,
brn,Brunei,,,,,,,,,,,,,,,0.17571,0.20084,0.15583,0.13612,0.13756,0.09742,0.05157,0.06954,0.11103,0.13578,0.13844,0.16698,0.34278,0.39046,0.52494,0.57805,0.57469,0.59098,0.64546,0.74487,0.85625,0.72596,0.89247,0.94362,1.15035,1.08056,1.06879,1.18819,1.15449,1.23726,1.17049,0.97461,0.75474,0.72634,0.69217,0.97992,0.73335,0.57278,0.65516,0.68494,0.86283,1.10321,1.20365,1.08645,1.01764,0.98606,1.2175,1.25629,1.09616,1.17312,1.17724
btn,Bhutan,,,,,,,,,,,,,,,,,,,,,39.82935,37.61807,38.33847,38.10903,38.46886,39.4862,38.28658,33.01187,34.84719,32.41396,31.61073,30.16669,30.493,28.59046,30.39006,27.84783,27.17743,27.29148,25.83868,24.13997,21.6206,20.88359,20.81998,19.78684,19.37851,18.03393,17.3413,14.90624,14.48769,14.00545,12.41286,11.79963,11.57299,11.85263,12.06378,11.99507,12.00237,12.92979,13.55092,12.93395,15.70308,15.79478,14.67101,14.96154,
bwa,Botswana,43.22296,41.9259,40.67605,39.72679,38.57225,33.84146,39.29539,41.26089,43.68421,38.70387,32.99492,32.98458,33.00551,33.0776,31.78649,27.54616,24.6677,22.60355,18.43747,14.47172,12.7039,12.37062,10.27224,7.97138,6.89302,5.92187,5.28679,6.24489,5.63195,4.69699,4.52615,4.3769,4.63279,4.52119,3.75614,4.63772,3.69099,3.54271,3.16686,2.99077,2.7947,2.59029,2.42562,2.72239,2.25959,1.82838,1.73894,1.92668,2.14007,2.37598,2.09104,2.11892,2.31481,1.99354,1.8196,1.94776,1.97589,1.84199,2.11731,2.08343,2.20807,1.78859,1.57979,1.66462,1.71228
caf,Central African Republic,,,,,,,,,,,,,,,,,,,,,,,,,,,,,,,,,,,,,,,,,,,,,,,,,,38.33387,37.36358,37.56902,36.81417,32.25891,33.98562,31.52738,31.91899,32.79017,31.24133,28.34183,29.49594,35.75533,36.21711,28.61106,32.4962
can,Canada,,,,,,,,,,,,,,,,,,,,,,,,,,,,,,,,,,,,,,2.1395,2.16737,2.19621,2.09165,2.11789,1.98762,2.05309,2.16781,1.88031,1.70102,1.58716,1.76827,1.54989,1.49324,1.76566,1.81135,1.89423,1.58655,1.86984,1.86223,1.88999,1.69989,1.69708,1.83979,1.59799,,,
che,Switzerland,,,,,,,,,,,,,,,,,,,,,,,,,,,,,,,2.10986,1.9804,1.81098,1.65702,1.5206,1.39878,1.21981,1.24519,1.17193,1.09235,1.05389,0.92092,0.93366,0.83699,0.935,0.81862,0.7533,0.77316,0.78353,0.72251,0.66294,0.6767,0.63459,0.66253,0.70888,0.62645,0.65801,0.63133,0.64375,0.64775,0.70548,0.62757,0.61638,0.62491,0.6287
chl,Chile,10.25192,9.85867,8.98697,7.78281,8.41728,8.7396,9.14527,8.50134,7.57659,6.78133,6.69575,8.011,8.14912,6.50539,5.56041,6.42234,8.29058,9.61904,7.4239,7.12394,7.09043,6.34141,6.2303,5.81117,7.03813,7.37883,8.43538,8.65561,8.43889,8.25944,8.16488,9.16273,9.08923,7.92948,7.44478,6.9674,5.01956,5.00655,5.39423,5.29404,5.08296,4.06242,4.06503,4.09478,3.75827,3.92221,3.71205,3.55057,3.42443,3.69713,3.47828,3.62618,3.27493,3.47338,3.94662,3.7094,4.19909,4.28097,3.92744,3.98781,4.04543,3.50586,3.23468,3.49023,3.91236
chn,China,23.12496,35.71949,38.90272,39.77136,37.95749,37.47985,37.11416,39.73517,41.56461,37.45231,34.74205,33.57851,32.36456,32.87329,33.37335,31.90224,32.30559,28.94268,27.6396,30.65285,29.58159,31.25942,32.72328,32.50563,31.47959,27.88241,26.58969,26.27449,25.19451,24.56828,26.53267,23.96299,21.24989,19.22852,19.38471,19.49814,19.21925,17.78152,17.02546,15.92159,14.52725,13.82211,13.12949,12.17576,12.72884,11.48281,10.47586,10.09342,10.00998,9.473,9.1665,9.03385,8.96506,8.78442,8.48243,8.22401,7.90065,7.32839,6.91714,7.00622,7.54018,7.08935,7.14789,6.88952,6.776
civ,Cote d'Ivoire,47.90792,46.40683,45.90405,44.1671,39.80136,39.61846,37.44038,34.75976,35.56116,33.5688,31.86677,30.88033,29.80047,31.0499,25.46685,28.24446,24.47935,24.26585,25.88064,26.40239,25.88027,26.534,24.12531,21.88196,24.13447,26.53758,28.46154,29.18235,32.03932,32.71644,32.49843,33.29394,34.00969,28.21521,25.26363,24.72761,16.52673,15.1463,15.54162,15.21777,16.19515,17.2771,18.73731,20.77602,16.64002,16.06519,15.94479,15.57875,16.18548,15.24958,17.48892,18.48667,16.37515,15.3429,15.24176,18.36204,17.43497,16.94099,17.8526,15.68821,16.93342,16.18055,16.58433,15.20475,17.92266
cmr,Cameroon,,,,,,32.73183,31.85079,31.1333,31.50579,30.72351,31.36392,31.00413,31.96497,30.79283,29.53977,29.11971,27.61011,33.64508,31.35335,30.8236,28.67678,27.17658,27.00575,23.19328,21.97183,20.59053,21.62963,23.98644,23.94243,25.50676,23.99487,24.25903,26.57967,18.23673,19.60975,19.14485,18.32232,18.96789,19.001,18.97879,18.11774,18.62096,18.27168,17.47378,17.56095,16.73418,15.62508,15.85753,16.00119,16.38719,17.26971,16.69739,16.65724,16.72366,16.82584,17.20942,17.19266,16.69294,16.4988,16.80228,17.49687,16.9592,16.54616,17.29494,17.44211
cod,"Congo, Dem. Rep.",,,,,,,,,,,,,,,,,,,,,,,,,,,,,,,,,,,56.54403,56.54399,33.26198,47.5,46.49997,52.36616,31.97236,32.8709,26.58378,26.05384,23.87936,21.57938,21.21006,21.60221,22.61868,23.67467,21.42849,20.91708,20.44106,19.31667,18.56252,18.37039,18.59975,19.7027,18.88734,19.43499,20.88342,19.04363,17.73548,17.43982,17.09456
cog,"Congo, Rep.",23.60046,20.4918,19.80472,20.95408,21.10971,19.1358,19.18819,19.86302,19.61415,17.70683,17.89474,17.13641,16.42512,15.72848,15.1171,14.47689,13.47754,15.42553,16.03631,14.31373,11.68147,7.88259,7.85915,7.58258,6.91705,7.44744,12.0897,11.93729,13.86707,12.93454,12.86089,11.31781,11.52756,11.24852,10.31394,10.45257,8.98669,9.13919,10.95557,8.35576,5.30425,5.79993,6.26158,6.27522,5.50941,6.10424,4.81315,4.91981,4.24815,5.27993,4.03853,3.98394,3.79877,4.26008,4.55765,5.81059,6.76365,7.30994,6.78839,7.34699,10.69042,9.09675,8.04191,8.95212,9.44034
col,Colombia,,,,,,27.2864,26.60845,26.89222,26.85938,25.86728,25.08737,23.51911,24.1306,24.12897,24.3821,23.88647,23.62861,25.04703,23.04046,21.46588,19.3599,19.24774,18.76512,18.7139,17.40893,16.99069,17.47693,18.06374,16.74929,16.05719,17.06678,17.4548,16.79394,14.96783,14.83154,14.01807,12.76882,12.60647,13.23579,13.00077,8.30572,8.32097,8.51001,8.32877,7.91098,7.52727,7.18677,6.93456,6.68738,6.68974,6.32485,6.0917,5.58269,5.39271,5.44696,5.98042,6.60641,6.38966,6.22571,6.41072,7.50848,7.77187,8.83154,8.80792,9.26822
com,Comoros,,,,,,,,,,,,,,,,,,,,,29.37529,29.37549,29.37684,29.37551,29.37649,29.37622,29.37623,29.37656,29.37598,29.37585,29.37591,29.37656,29.37654,29.37585,29.37627,29.37647,29.37611,29.376,29.37584,29.37636,29.37632,29.37629,29.37601,29.37613,29.37602,29.37627,29.37634,28.95665,29.13892,30.03301,30.41598,30.56427,30.17309,30.78986,30.01145,30.59863,31.36847,31.89889,33.72015,35.6201,35.7974,35.24095,35.16432,35.94277,36.6265
cpv,Cape Verde,,,,,,,,,,,,,,,,,,,,,18.56005,15.77265,12.58012,12.05682,11.85649,12.98961,13.63127,17.64634,17.69673,16.21087,14.3907,13.39301,11.7942,10.13643,12.85895,13.68057,12.44848,11.68065,10.94725,13.64337,12.87178,11.41577,10.35147,10.1437,9.86347,9.00119,8.31871,6.09469,5.31578,6.02632,5.82909,5.39925,5.79089,5.82359,5.73507,6.40829,6.31352,5.37534,4.52277,4.43736,6.19133,5.97147,4.95405,4.63422,4.69638
cri,Costa Rica,26.35203,25.86624,25.8269,24.46389,24.56903,23.52043,23.18114,23.20076,23.27813,23.14997,22.51973,20.42455,20.09421,20.22751,19.41933,20.33848,20.37619,21.88548,20.41373,18.5014,17.80464,23.01905,24.49472,21.99746,21.20791,18.86663,20.89774,18.07064,17.94865,17.22039,15.78742,11.94456,11.90015,11.82823,12.31997,12.75813,12.1025,12.50309,12.61897,11.10969,9.24882,8.37954,8.42775,8.84008,8.85241,8.62224,8.42983,7.91531,6.97696,7.04963,6.48519,5.59987,5.13084,4.78335,4.88788,4.74911,4.91436,4.69978,4.48383,4.20205,4.34423,4.36671,4.14007,3.80048,3.56243
cub,Cuba,,,,,,,,,,,12.12136,12.11904,12.11891,12.12324,12.1326,12.11299,12.10747,12.11828,12.14488,12.17936,12.01497,12.07983,12.17233,12.27792,12.35176,11.19302,12.40412,12.63483,12.80586,12.72097,13.04055,12.77595,12.42662,9.57115,7.89981,6.8833,7.13344,7.18681,6.11742,6.12418,6.60126,6.37957,5.94573,5.74521,5.47444,4.36365,3.40501,3.9081,3.81704,3.93041,3.61429,3.60487,3.8501,3.92492,3.93771,3.83575,3.93834,3.80018,3.78237,3.56733,2.76195,0.88194,0.80067,1.30701,
cyp,Cyprus,,,,,,,,,,,,,,,,15.71984,15.90296,13.212,10.91807,10.24135,9.58832,9.25799,9.26919,7.90006,8.94272,7.48887,7.32713,7.43175,7.17471,6.92986,6.85918,6.19135,5.72368,5.61273,5.06752,4.77613,4.57821,3.92034,4.33453,3.89894,3.64726,3.8608,3.78827,3.3529,3.08333,2.73853,2.27598,2.02353,2.09331,1.98882,2.05766,2.14532,2.00128,2.03634,1.84488,1.86798,2.14376,1.85263,1.71814,1.74821,1.82534,1.5025,1.17579,1.17908,1.18011
cze,Czech Republic,,,,,,,,,,,,,,,,,,,,,,,,,,,,,,,,,,4.2235,4.24074,4.00525,3.86905,3.46667,3.48548,3.19661,3.23024,3.18772,2.64625,2.43103,2.40804,2.28126,2.16293,2.08872,1.92037,1.75886,1.52258,1.96393,2.23163,2.34758,2.3927,2.25893,2.1481,2.10546,1.96856,1.89152,1.94399,1.75887,2.07635,1.73052,1.49926
deu,Germany,,,,,,,,,,,,,,,,,,,,,,,,,,,,,,,,1.06999,0.98884,0.97784,0.99335,1.03225,1.06717,1.0361,0.97745,0.96089,0.99617,1.08334,0.90134,0.82934,0.94887,0.72606,0.7166,0.82208,0.8369,0.67018,0.77575,0.92434,0.91105,0.92687,0.91539,0.70883,0.73033,0.86052,0.74308,0.83369,0.72889,0.74218,1.00396,0.84199,0.82629
dji,Djibouti,,,,,,,,,,,,,,,,,,,,,,,,,,,,,,,,,,,,,,,,,,,,,,,,,,,,,,1.19392,1.22411,1.05901,0.99559,1.29424,1.41671,1.51935,1.99744,3.00716,2.63102,2.49008,2.58339
dma,Dominica,,,,,,,,,,,,,,,,,,24.68057,25.8352,22.56619,21.46029,20.87536,19.62078,18.76183,18.27027,18.37941,20.11747,19.75718,18.87135,15.49084,16.34244,15.68188,14.82214,14.16008,14.40579,12.16659,12.97186,12.54416,12.06534,12.13732,11.904,11.21621,10.62841,11.25144,11.53932,11.9147,10.95003,10.99321,12.35793,13.2922,12.16711,13.13987,12.52847,14.0711,13.58109,13.54139,13.50041,11.74378,9.6477,10.1167,12.25291,14.01511,12.94382,12.10972,12.22432
dnk,Denmark,,,,,,,6.68924,5.75494,5.40425,5.62153,4.60433,4.55777,4.78618,5.27838,5.1616,4.42035,4.30407,4.67039,4.71237,3.97187,4.09268,4.35895,4.67794,4.05223,4.67206,4.23329,3.89189,3.45881,3.16231,3.50423,3.28074,3.0166,2.77048,2.66669,2.58125,2.83085,2.76584,2.61358,2.12315,1.92044,2.14953,2.30981,1.75485,1.587,1.59682,1.13056,1.14681,1.17038,0.84168,0.80695,1.18844,1.26833,1.61758,1.25664,1.35343,0.90832,0.9288,1.25986,0.99704,1.24123,1.33752,0.9895,0.78959,0.75671,0.74243
dom,Dominican Republic,,,,,,23.24063,21.9128,20.33243,20.32249,21.30028,23.23797,22.23822,20.57965,22.22791,22.15196,21.47144,19.04846,20.06714,18.72043,18.67317,19.75951,17.85407,17.06704,16.10524,16.51716,13.10041,17.36715,11.86863,15.7471,13.82778,13.42282,12.50573,12.01284,10.7815,9.99449,9.81478,9.1934,9.1443,8.99181,7.82103,6.71834,6.99752,6.80512,6.69385,7.02047,7.21194,6.85872,6.51157,6.27099,6.01021,5.87493,5.41362,5.13893,4.99411,4.8378,5.05883,5.02705,4.83761,4.57147,4.32512,4.52253,4.21568,4.15372,4.29425,4.45398
dza,Algeria,,,,,,,,,,,,,,,,,,,,,,,,,,,,,,,,,,,,,,,,11.10698,8.39505,8.88618,8.41303,8.45672,7.72217,6.55927,6.366,6.32602,5.54975,8.01122,7.53172,7.08353,8.02697,9.12007,9.40707,10.53279,11.06831,11.03188,11.24383,11.47918,12.83417,11.23543,10.61318,13.08678,
ecu,Ecuador,33.65486,34.0354,35.2529,34.19575,31.83586,31.31308,28.03375,28.40554,29.28189,26.25218,26.02928,25.25878,25.83565,25.3755,24.09384,22.35518,20.11773,18.70307,18.20012,16.02257,16.11089,15.76644,15.92607,16.90085,18.61334,18.87895,20.81149,21.34757,22.0108,22.40069,20.52101,20.86308,18.92212,23.40316,22.14595,21.91217,20.75006,20.10877,17.47595,17.57135,12.40118,10.47015,9.434,9.05013,7.96892,7.72633,7.71968,7.64839,7.34938,8.61226,8.33021,7.90854,6.99944,6.96321,7.4044,8.0205,8.07213,7.90222,7.64506,7.78676,8.38575,8.08,7.39304,7.99547,9.4761
egy,Egypt,27.64883,27.15308,24.62783,24.42186,23.19902,25.69411,24.88447,24.15575,25.38007,25.54368,24.10982,22.93154,23.74969,26.57493,28.80749,27.66555,26.01497,24.81882,23.39454,20.05644,16.58186,21.62057,18.04863,19.04511,18.10759,17.10456,17.39002,19.63301,18.04546,18.6948,18.51253,16.98667,15.58591,15.73905,15.71429,15.71078,16.11508,15.75103,15.88448,15.90865,15.53808,15.35127,15.40486,15.28671,14.26994,13.98169,13.2372,13.42013,12.63024,12.99795,13.34076,13.86911,11.27277,11.27435,11.33771,11.39406,11.76932,10.98638,10.83025,10.69714,11.16682,11.43693,10.94575,10.60031,13.71211
eri,Eritrea,,,,,,,,,,,,,,,,,,,,,,,,,,,,,,,,,27.35172,19.43513,21.91317,18.81167,16.22737,15.11534,23.36709,22.72234,12.59042,15.16384,13.60181,11.82992,10.64227,22.6,24.6,24.26598,16.77631,14.12423,,,,,,,,,,,,,,,
esp,Spain,,,,,,,,,,,,,,,,,,,,,,,,,,,,,,,,,,,,3.87456,4.37962,4.29484,4.14483,3.81324,3.74431,3.67426,3.48212,3.42078,3.11781,2.75837,2.40075,2.49466,2.35367,2.2496,2.41741,2.36252,2.39777,2.60946,2.52698,2.72327,2.81522,2.80345,2.70128,2.5198,2.78468,2.76825,2.30958,2.49973,2.53904
est,Estonia,,,,,,,,,,,,,,,,,,,,,,,,,,,,,,,,,,,,4.13064,4.12813,4.08874,5.05183,3.62815,3.88501,3.49645,3.55249,3.45929,3.6187,3.28669,3.14382,3.92534,3.40126,2.47105,3.17093,3.66567,3.28432,3.04743,3.11496,2.80642,2.0716,2.33886,2.04938,2.26565,1.93182,1.922,2.43516,1.92666,1.91305
eth,Ethiopia,,,,,,,,,,,,,,,,,,,,,,53.40661,51.96008,53.05338,46.73226,51.29852,49.7452,47.92892,47.41014,47.21293,48.28647,57.23794,62.27748,58.48604,51.41658,50.66069,49.91984,52.71375,47.86759,44.3782,44.66602,42.34057,38.69237,37.28506,38.67975,41.1745,42.52417,42.26501,45.18456,45.88269,41.44682,41.24996,44.33094,41.23951,38.52045,36.05698,34.69696,33.77928,31.21881,33.63332,35.55827,37.57911,37.64223,35.78648,34.86972
fin,Finland,,,,,,,,,,,,,,,,9.79829,9.304,8.66045,8.25269,8.13093,8.57992,7.66401,7.77248,7.56871,7.24524,6.88021,6.55913,5.2826,5.19626,5.22148,5.39664,4.82436,4.27783,4.37799,4.19103,3.80076,3.45274,3.4244,2.90042,2.8868,2.95485,2.76462,2.67313,2.53635,2.37998,2.27855,2.00161,2.38053,2.20537,2.25383,2.36677,2.25899,2.18836,2.21183,2.21758,2.0605,2.08978,2.06804,2.11423,2.18977,2.24039,2.15907,2.24134,2.30587,2.46377
fji,Fiji,,,,37.84047,33.0036,30.30822,29.07268,26.52905,26.40604,24.35656,25.13034,21.56678,22.04363,22.37658,23.33333,23.47084,23.5766,21.40586,20.09399,19.71368,20.28057,17.96402,18.57805,16.6266,13.90065,16.38537,18.95847,20.89578,17.63165,19.64294,17.95793,18.2567,17.57599,17.01226,17.91829,17.17496,17.30718,14.81641,14.37053,16.40492,14.98754,13.01281,13.31091,12.51435,12.3499,12.07433,12.37266,11.88291,10.6975,10.08844,9.3819,9.21772,9.67578,10.11311,8.09852,7.87162,10.66433,10.53183,10.90656,11.29116,14.32461,15.27648,12.71145,11.73291,8.36068
fra,France,9.86966,8.52624,9.23619,8.30742,7.52259,7.34294,7.16819,7.14609,6.91648,6.30411,6.25063,5.72314,6.38522,6.37769,5.10608,4.55062,4.31398,4.08904,3.94969,3.91512,3.41564,3.33927,3.84065,3.39555,3.16594,3.15222,3.05819,2.92257,2.69305,2.95985,2.97795,2.47178,2.45934,2.17161,2.27071,2.31338,2.27526,2.21546,2.23556,2.11672,1.9845,2.00226,1.90378,1.74561,1.72019,1.5827,1.42706,1.51673,1.42031,1.23242,1.50088,1.55137,1.52594,1.3614,1.46155,1.5036,1.33798,1.43496,1.5311,1.40828,1.46043,1.46335,1.7631,1.7405,1.43172
fsm,"Micronesia, Fed. Sts.",,,,,,,,,,,,,,,,,,,,,,,,53.38225,,,,,,,,,,,,23.9209,23.37304,23.10819,25.25381,23.64826,24.07505,23.04577,23.22009,23.17163,21.95932,22.42775,22.33974,24.98154,26.20064,25.0322,24.746,26.36572,28.10719,26.41154,24.90262,26.20169,27.16692,27.62994,22.51219,23.25449,22.04814,22.18452,23.22709,23.28258,
gab,Gabon,32.18654,35.21184,35.88547,44.08357,30.18043,26.30631,25.16557,24.10181,18.38134,18.62155,18.54749,13.79638,13.08756,11.6077,8.20554,6.40139,5.00626,5.46218,6.50964,7.44648,6.75736,6.1172,6.12331,6.50004,6.10461,6.75108,9.24493,10.9926,10.07618,8.68589,7.32445,7.62367,8.25139,8.48423,9.08602,8.03167,7.09283,7.21752,7.02079,7.29363,6.21362,6.14393,5.74386,6.00402,5.46729,4.98464,4.9112,4.95783,4.22984,5.04417,3.91445,3.43229,3.3537,3.32908,3.6212,4.31163,4.97314,5.26576,5.43595,5.55443,6.6162,6.76982,6.29508,6.30883,6.15284
gbr,UK,,,,,,,,,,,,,,,,,,,,,,,,,,,,,,,1.25708,1.23316,1.22301,1.23388,1.27555,1.21771,1.06001,0.93654,0.9362,0.84429,0.8198,0.75968,0.8922,0.85049,0.72847,0.54484,0.57071,0.56246,0.67439,0.67601,0.58668,0.68249,0.6284,0.63328,0.74501,0.63117,0.57887,0.5941,0.57111,0.60472,0.67108,0.7085,0.66034,0.57569,0.5576
geo,Georgia,,,,,,,,,,,,,,,,,,,,,23.06191,23.58107,21.565,22.0348,24.19412,24.14944,24.78676,22.50826,22.49182,21.59677,30.06815,26.70157,52.34584,,,,33.15238,27.50664,26.244,24.72172,20.60201,20.96194,19.24088,19.3015,16.39506,14.76994,11.19878,9.19571,8.13163,8.1013,8.86599,9.73887,8.56566,9.21479,9.20424,8.54206,8.00327,6.91861,7.56159,7.33549,8.31655,7.22732,6.63236,6.0158,5.4157
gha,Ghana,40.85155,35.37634,37.8926,35.90909,35.35599,43.51978,43.28063,40.22606,41.76471,45.92704,46.52501,44.16,46.64298,48.986,51.13734,47.66231,50.56696,56.20353,60.7119,59.9674,57.92028,53.08429,57.34115,59.7306,49.24287,44.89255,47.77539,50.60054,49.61301,48.96748,44.84762,45.51048,44.77906,36.93086,37.79059,38.77859,38.95508,35.7816,36.01411,35.77634,35.27152,35.2418,35.14838,36.54541,37.95243,37.45301,28.3331,27.29411,29.4081,30.99338,28.03874,23.6637,22.13115,20.36984,19.58377,19.98265,20.84429,19.56171,18.13655,17.32323,18.85378,19.65747,19.51364,20.94307,20.72259
gin,Guinea,,,,,,,,,,,,,,,,,,,,,,,,,,,16.31403,17.96902,15.9613,16.16521,16.93257,12.52399,11.35466,11.9298,13.83224,12.70083,11.93314,13.79722,14.5151,14.74237,14.3901,14.91055,14.83574,14.25165,15.98972,15.28116,15.58456,16.81971,15.98001,16.36062,17.48495,16.06975,16.83167,17.54527,17.52382,18.47824,17.58995,20.52847,22.94001,26.42728,26.30328,27.07154,28.38197,29.47144,29.64126
gmb,Gambia,,,,,,,32.23559,32.26371,32.2449,32.19979,30.24323,30.34934,32.26351,32.22656,32.21477,32.05282,32.63915,30.99636,27.94364,26.69293,27.01857,30.62806,35.44931,32.2887,28.00503,26.37806,28.81145,30.56124,27.40434,25.91604,24.34255,18.15887,17.32569,17.20643,19.23073,21.35874,17.94589,20.58034,19.20354,24.01225,24.53228,25.42563,24.12493,26.74829,31.50262,32.09063,25.60023,23.5662,29.77571,31.73423,35.19324,27.20242,27.39357,26.22212,22.45884,22.20889,21.86138,21.00189,19.8716,20.00405,21.24401,23.57927,22.86044,23.22463,24.1406
gnb,Guinea-Bissau,,,,,,,,,,,47.45552,44.85065,45.78122,42.88253,41.37979,47.772,48.0897,46.1544,51.61293,51.58866,42.19533,49.27083,46.75968,42.44116,41.31734,46.48738,45.24922,53.50911,53.98622,48.65899,56.93605,51.2763,47.83462,52.84461,52.2602,51.79759,54.24518,31.65399,37.05602,36.29768,36.95742,36.76639,35.27596,36.80986,36.9705,40.39782,39.48042,38.16932,38.25952,39.15437,37.95309,37.56339,38.08529,38.66158,34.82581,35.15778,36.34876,36.35849,32.54757,31.08257,35.74697,38.84215,38.66455,34.01552,36.83262
gnq,Equatorial Guinea,,,,,,,,,,,,,,,,,,,,,,,,,,,,,,,,,,,,,,,,,,,,,,,1.51826,1.37288,0.8927,1.0582,1.06137,1.0535,1.05566,1.19199,1.29425,1.88839,2.33224,2.31546,2.25798,2.43788,3.15157,2.82637,2.48978,3.09341,3.14907
grc,Greece,,,,,,,,,,,,,,,,,,,,,,,,,,,,,,,,,,,,6.86998,6.16423,6.09222,6.10158,5.77247,5.50251,5.36222,5.22103,5.32405,4.54971,4.47718,3.28558,3.15474,2.89506,2.92582,2.91421,3.06185,3.41908,3.35146,3.53346,3.82154,3.45813,3.75227,3.52573,3.66152,3.92383,3.53173,3.7533,3.34344,3.31855
grd,Grenada,,,,,,,,,,,,,,,,,,17.71685,16.04287,17.33926,16.47868,17.13315,14.27337,13.43498,12.99708,11.06597,11.08749,12.29948,11.68848,10.26974,8.88479,8.9187,7.78476,7.43277,7.11657,7.17646,6.00085,5.58635,5.2258,5.37224,5.16416,5.3659,6.29052,5.86975,5.01434,2.96408,3.89055,3.55708,3.76733,4.62642,4.51305,4.44736,4.8322,4.83546,6.10189,7.42853,6.20633,5.37154,5.20544,4.67951,4.90308,5.33785,4.0939,3.18706,2.74943
gtm,Guatemala,,,,,,28.73376,28.51248,27.41318,27.92737,27.29524,27.31634,27.6997,28.28805,27.89251,27.89791,28.04863,27.29467,26.30516,25.84356,25.38151,24.84472,24.98561,25.1243,25.34191,25.62627,25.8515,25.6105,25.97877,25.84863,25.6348,25.87916,25.73998,25.28505,24.8661,24.48727,24.15072,24.0561,23.72674,23.4399,23.04636,22.82115,14.17215,14.17029,13.46913,13.07354,12.58997,11.44907,11.63761,11.33366,11.84861,11.23415,11.25874,10.72275,10.35622,10.07448,9.967,9.6614,9.69629,9.43551,9.40873,9.92632,9.17349,9.0821,9.68671,9.77993
guy,Guyana,23.57779,23.85436,23.45901,24.46067,21.95268,21.57241,19.08436,18.83376,17.3667,17.9302,16.82226,18.02872,17.38695,16.48573,27.66314,28.74947,20.77282,18.74278,20.24138,19.8703,20.68966,18.78522,20.19364,19.82289,20.8659,22.51282,22.58065,25.8705,22.61962,35.06293,38.12959,40.52251,43.79467,36.67884,37.95035,40.85826,37.76896,36.35332,33.90585,35.01395,29.98323,29.73738,30.88166,32.11281,31.49373,28.88587,34.00027,30.38474,31.72756,29.42412,28.52843,25.6836,25.44001,25.64757,24.59409,25.44312,20.38724,22.75803,19.53569,17.59534,16.851,13.45519,10.02984,9.74362,8.02404
hnd,Honduras,33.81499,35.26109,35.39652,34.41004,34.48578,36.4396,36.16692,35.37034,34.63203,32.72455,29.32227,28.24897,28.01993,28,26.58289,24.64413,25.51929,26.89428,39.38804,36.24858,34.9606,32.93801,29.78047,28.29657,25.71563,24.83814,24.68967,23.61302,25.2099,24.56612,24.19137,23.95994,22.68459,21.28719,21.11651,20.54077,20.25457,18.91812,18.31396,13.61819,14.37252,13.16599,12.18341,11.6141,12.1707,12.47092,11.85658,11.91105,12.15017,10.82504,11.59122,14.21966,13.56629,12.19113,12.53835,12.21598,12.0499,12.66977,11.61016,10.63803,12.18807,10.89305,12.47327,11.97879,11.21865
hrv,Croatia,,,,,,,,,,,,,,,,,,,,,,,,,,,,,,,,,,,,5.65153,5.59219,5.24161,5.31761,5.40263,4.96747,4.96275,4.84219,3.9361,4.41766,3.8665,3.97765,3.68997,3.88031,3.98546,3.64409,3.62385,3.28369,3.43732,2.93853,2.96347,3.05957,2.89003,2.95086,2.85681,3.12844,3.35952,3.39312,3.35727,3.40644
hti,Haiti,,,,,,,,,,,,,,,,,,,,,,,,,,,,,31.11065,30.593,29.73675,29.8988,34.12061,30.84704,33.92826,23.5554,19.49536,20.81466,21.16247,22.56107,17.18552,16.45058,15.8465,16.72014,15.85052,18.05301,17.7163,19.07511,18.43262,18.79346,20.2327,20.04312,19.4699,19.3275,17.82976,17.2199,17.98351,18.82647,18.70601,19.1874,20.36249,20.68143,20.27535,17.45713,15.86016
hun,Hungary,,,,,,,,,,,,,,,,,,,,,,,,,,,,,,,,,,,,7.28018,7.39216,6.49783,6.1737,5.44561,5.06575,5.02945,4.3698,3.90627,4.35684,3.72514,3.53875,3.48787,3.47815,2.99528,3.00711,3.97302,3.88851,3.92254,3.9453,3.76136,3.86773,3.74895,3.47163,3.32505,3.36255,3.45783,3.13366,2.90076,2.37108
idn,Indonesia,,,,,,,,,,,,,,,,,,,,,,,,24.10492,23.4561,23.76764,24.25344,23.32695,24.12159,23.42553,21.54872,19.66181,19.52141,17.87984,17.28626,17.13835,16.67239,16.09211,18.08285,19.61268,15.6787,15.99492,16.31967,15.18535,14.33578,13.12662,12.9738,13.71668,14.48174,15.29015,13.92921,13.51229,13.37397,13.3567,13.33675,13.49264,13.47875,13.15663,12.8085,12.7126,13.69841,13.28017,12.39965,12.52942,12.60867
ind,India,41.74134,41.09248,39.06597,39.82535,41.34372,39.3847,40.35165,42.75156,42.08603,41.58492,40.28961,38.63339,38.62683,41.60382,38.87806,35.99691,34.31204,35.77714,34.27396,32.82553,34.40887,33.2977,32.32675,32.60653,31.38053,29.71814,28.64115,27.97238,28.76982,27.83961,27.58489,27.66271,26.89692,27.05456,26.51994,24.45755,25.19931,24.24867,24.18045,22.97256,21.61106,21.61888,19.53454,19.592,17.81469,17.62021,16.80944,16.75012,16.79094,16.74427,17.02651,17.19197,16.84538,17.14842,16.79193,16.17451,16.3638,16.55833,16.03163,16.75557,18.66854,17.37256,16.54613,16.19319,16.35296
irl,Ireland,,,,,,,,,,,,,,,,,,,,,,,,,,,,,,,,,,,,5.58019,4.69011,3.90674,3.47535,2.57229,2.50493,1.99386,1.73531,1.48,1.57409,1.03355,0.92115,1.04322,0.85003,0.55796,0.95434,1.20301,0.98477,1.06835,1.21597,0.86786,0.92503,1.11925,0.83053,0.88334,0.93956,0.9673,1.09875,0.8757,1.0529
irn,Iran,25.9006,24.90257,23.8275,22.25722,20.76607,18.59562,17.44182,16.51589,15.85361,14.4974,12.99091,12.7127,11.9544,9.86878,6.93282,6.67228,6.48705,5.66537,7.46228,8.57192,11.06046,13.69415,12.77418,11.05713,12.30789,12.77052,15.22803,16.30278,15.38501,15.57682,12.49086,12.01424,12.05433,10.39837,10.55156,12.61024,10.34648,9.8127,11.55506,9.91499,9.06842,8.31084,7.82555,7.45109,6.88958,6.50138,7.11821,7.18557,6.12277,6.92449,6.49939,4.64212,6.79694,8.77491,9.37842,10.0916,9.78442,9.82706,11.13339,13.32487,12.213,12.3931,12.76532,12.83576,12.99652
irq,Iraq,,,,,,,,,16.23006,15.02513,16.60551,15.79333,18.99233,13.54167,8.18607,7.84037,8.18234,8.50773,7.84523,5.47854,4.70429,8.4208,10.29989,11.20038,13.34557,14.39068,14.83552,14.3108,14.58558,16.3961,8.24886,15.61567,19.87057,15.50271,20.1121,20.58514,18.59708,8.4566,10.90971,7.2035,4.63475,6.93096,8.56267,8.40561,6.93856,6.88686,5.82603,4.9295,3.84778,5.22993,5.16228,4.56377,4.12427,4.76844,4.92941,4.19187,3.97719,2.97673,2.81582,3.77001,6.08867,3.2792,2.05871,3.10603,3.39458
isl,Iceland,,,,,,,,,,,,,,,,,,,,,,,,,,,,,,,,,,,,8.7875,8.58003,8.04589,8.10913,7.60072,6.979,7.46834,7.49401,6.42351,5.28393,4.70377,4.7537,4.18268,4.8855,5.65061,6.29605,6.4529,6.58876,5.84332,5.26717,5.29091,4.57466,3.778,3.90511,4.36148,4.64719,4.2036,4.16239,4.28312,4.04574
isr,Israel,,,,,,,,,,,,,,,,,,,,,,,,,,,,,,,,,,,,2.04324,1.90237,1.80828,2.00111,1.73587,1.53367,1.75949,1.81569,1.70818,1.61692,1.87834,1.81906,1.74717,1.80944,2.1414,1.82976,1.85,1.49263,1.52143,1.38783,1.42056,1.45145,1.43332,1.38933,1.34644,1.36657,1.32604,1.16183,1.28615,1.28208
ita,Italy,,,,,,,,,,,,,,,,,,,,,,,,,,,,,,,3.17863,3.23539,3.11425,2.99505,2.98809,2.97421,2.97233,2.85875,2.7654,2.71813,2.55763,2.48189,2.36532,2.35238,2.3423,2.03006,1.94159,1.89415,1.87301,1.80208,1.76928,1.8491,1.90887,2.05779,1.90848,1.99153,1.84915,1.89343,1.85756,1.81867,1.92802,1.83339,1.89037,1.86924,2.02532
jam,Jamaica,,,,,,,,,,,,,,,,,,,,,,,,,,,,,,,,,,7.64725,8.50651,8.59709,8.00341,7.63385,7.17124,6.6796,6.2319,6.12074,5.5443,5.21386,4.98217,5.18624,5.15583,4.61761,4.89912,5.47227,5.269,5.64729,5.77144,5.97048,5.97249,6.30834,6.59879,6.63179,6.59218,7.01965,8.68324,8.3408,8.09937,9.02387,9.8045
jor,Jordan,,,,,,14.14566,10.04255,15.73582,9.68064,12.5,10.77058,12.38646,12.32244,8.06192,14.83018,6.92819,7.47532,7.63326,9.68188,6.26972,7.14224,5.50877,5.62996,6.15135,5.11599,4.91728,5.10154,5.89058,5.85632,5.47104,6.88132,7.24476,6.84135,5.12821,4.42705,3.68634,3.22909,2.88673,2.57941,2.00578,2.01544,1.95327,2.19164,2.46656,2.49787,2.75836,2.58351,2.53147,2.8773,3.23671,3.57519,3.505,3.30512,3.58302,3.96844,4.39227,4.50634,4.442,4.38084,4.37194,4.64657,4.78675,4.81784,4.81198,5.06726
jpn,Japan,,,,,,,,,,,,,,,,,,,,,,,,,,,,,,,,,,,1.89211,1.64503,1.65353,1.52791,1.60329,1.57606,1.51788,1.36751,1.37649,1.29903,1.23096,1.11163,1.0825,1.05336,1.0541,1.08232,1.10828,1.08027,1.12285,1.06672,0.99661,1.03412,1.12498,1.12844,1.04425,1.03895,1.06638,1.01042,0.92188,0.93745,
kaz,Kazakhstan,,,,,,,,,,,,,,,,,,,,,,,,,,,,,,,,,23.34163,16.43845,14.94755,12.32939,12.15216,11.40678,8.5658,9.88635,8.11078,8.72483,7.99591,7.86221,7.12296,6.36952,5.49583,5.66029,5.3158,6.14688,4.51053,4.98897,4.28833,4.50355,4.32955,4.71055,4.556,4.51698,4.39586,4.46634,5.39128,5.03,5.24714,3.825,3.93542
ken,Kenya,35.34741,34.0731,37.57419,38.44981,36.83208,32.41864,34.70786,33.65743,31.7057,30.89757,30.16973,28.16229,32.21094,31.8775,31.29914,30.17298,33.32692,37.00683,32.06422,30.18625,27.79076,27.87345,28.9666,29.86876,29.5099,28.60623,28.77758,27.17165,25.5402,25.96381,25.31413,24.32015,24.78129,26.80801,28.11536,26.34962,27.49252,27.69394,27.74491,28.74408,28.72178,27.84926,25.85397,25.80444,24.92904,24.23627,20.51969,20.58666,22.19634,16.25498,17.56776,18.89471,18.82973,18.61655,18.34784,19.46961,20.03452,20.89364,20.31491,20.86116,22.70273,21.47708,21.03619,21.80996,21.34798
kgz,Kyrgyz Republic,,,,,,,,,,,,,,,,,,,,,,,,,,,,,31.08504,32.8,32.66355,35.27676,37.26507,39.10583,38.36445,40.68169,46.31762,41.18761,36.05528,34.88163,34.18771,34.541,34.4048,33.62225,29.90445,28.48328,28.68029,26.88021,23.48553,18.76074,17.44826,16.56532,16.6542,14.63787,14.71866,14.06076,12.83447,12.51458,11.67529,10.3739,12.16966,12.41223,10.99681,9.49216,8.6076
khm,Cambodia,,,,,,,,,,,,,,,,,,,,,,,,,,,,,,,,,,45.29438,45.55771,47.72456,44.46308,44.44721,44.47996,40.90385,35.52774,32.96538,29.611,29.47438,26.62866,27.44579,26.28574,25.46563,28.03409,28.08932,27.87429,28.03585,26.79535,24.44716,22.19382,20.14085,18.90798,17.86818,16.49795,15.43851,17.03965,16.90441,16.54409,17.07845,16.57687
kir,Kiribati,,,,,,,,,,,,,,,,,,,,18.36897,12.14446,12.31124,9.32604,13.92646,21.71416,14.07506,9.08043,9.11711,16.88544,12.57441,7.08987,9.50671,38.92244,36.91882,36.08755,34.70458,31.96818,29.24232,27.51478,26.86505,21.43371,22.56158,21.51983,22.0412,22.61307,19.97854,21.62964,22.69525,24.65153,26.67571,24.65699,25.71408,25.23225,23.66589,25.29595,22.91966,27.06768,31.03213,26.80943,26.97836,27.02649,25.09512,27.83693,,
kna,St. Kitts and Nevis,,,,,,,,,,,,,,,,,,10.46279,8.63115,8.04431,8.4235,5.77381,8.15465,6.30969,6.64839,4.93127,5.84668,5.91096,5.4432,4.25164,3.49983,3.78699,3.98458,3.85317,3.23366,2.89694,2.78268,3.0509,2.26455,1.7516,1.54558,1.73632,1.78559,1.78005,1.78207,1.66097,1.18856,1.15525,1.22394,1.1222,1.26847,1.33469,1.16602,1.08373,0.93788,0.84852,0.7898,0.90299,0.91617,0.89964,1.12671,1.23971,1.1876,1.51092,1.30415
kor,South Korea,36.57463,38.68081,36.62203,43.10511,46.53238,37.52706,34.3964,30.20706,28.15878,27.40995,26.48573,27.13787,26.50608,24.60695,24.17204,24.48594,23.04668,21.78997,19.91691,18.53634,14.26932,15.02543,14.00327,12.62528,11.87256,11.7537,10.42823,9.30921,9.22102,8.54152,7.6065,6.82449,6.60761,5.91488,5.65822,5.32867,4.96065,4.47517,4.22594,4.24975,3.85779,3.56582,3.2068,2.9646,2.95802,2.61998,2.49747,2.28341,2.14225,2.24056,2.14402,2.2092,2.18619,2.09905,2.05668,2.00391,1.85903,1.85076,1.7464,1.66793,1.76572,1.85566,1.64165,1.59561,
kwt,Kuwait,,,,,,,,,,,,,,,,,,,,,,,,,,,,,,,,,,,,0.41903,0.39452,0.39536,0.44647,0.42749,0.35522,0.44673,0.51682,0.45489,0.40476,0.30136,0.23652,0.21332,0.16002,0.26233,0.45173,0.43884,0.35987,0.35518,0.45064,0.53773,0.51859,0.52509,0.44591,0.37043,0.49633,0.47302,0.40246,0.46874,0.49298
lao,Lao,,,,,,,,,,,,,,,,,,,,,,,,,,,,,,47.49151,46.46886,43.95978,46.72559,43.41692,44.0851,42.22624,40.49829,51.85271,33.93877,34.31198,33.63025,32.68319,33.3863,32.08611,30.52135,28.29514,26.72967,25.78815,24.17648,24.20538,22.59579,20.79126,18.54849,17.9305,17.84879,17.58776,17.23018,16.19976,15.70919,16.05034,16.33776,16.0677,14.86888,16.13906,16.77188
lbn,Lebanon,,,,,,,,,,,,,,,,,,,,,,,,,,,,,,,,,,,6.46664,6.79486,6.18308,6.70515,6.08819,6.19685,6.23751,5.86312,5.66293,5.48637,3.82091,3.57964,4.46973,4.89277,4.52189,3.95087,3.86196,3.80461,3.76453,3.9554,4.02281,3.28466,2.72715,2.79291,3.2319,3.1691,3.07825,1.40017,1.18957,0.96646,
lbr,Liberia,,,,,,,,,,,,,,,,,,,,,,,,,,,,,,,,,,,,,,,,,76.07454,76.53359,79.04236,72.24039,65.0474,66.03273,63.81803,65.59815,65.17457,58.03575,44.80003,44.3005,46.71273,39.52996,36.49908,34.40375,35.91871,35.94262,35.4967,36.43715,39.29229,36.91949,36.20305,34.55581,33.64211
lby,Libya,,,,,,,,,,,,,,,,,,,,,,,,,,,,,,,,,,,,,,,,,,,5.1853,4.09221,3.34262,2.51001,1.51764,1.54142,1.38365,2.15807,1.79953,3.05767,1.81559,2.41549,3.51668,4.3863,4.61178,3.87478,3.66013,2.04202,4.32677,1.92923,1.68644,1.77478,1.73636
lca,St. Lucia,,,,,,,,,,,,,,,,,,,,,,,,,,,,,,,,,,,,,,,,,,,,,,,2.98043,2.91459,3.58977,3.64863,2.69061,2.34544,2.36886,2.62388,2.21691,2.15259,2.07708,1.56172,1.62887,1.73029,1.98096,1.71421,1.51834,1.12521,1.12968
lie,Liechtenstein,,,,,,,,,,,,,,,,,,,,,,,,,,,,,,,,,,,,,,,,,,,,,,,,,,,,,,,,,0.11552,0.1349,0.13905,0.13914,0.21117,0.16181,0.17176,,
lka,Sri Lanka,32.1042,32.90995,31.09252,32.34974,30.96239,28.56489,28.68265,30.07723,31.62787,29.32324,28.76777,27.52396,26.7387,27.66916,33.52872,30.64943,29.32061,30.97782,30.78519,27.2363,27.81799,27.96159,26.59945,28.47601,28.85649,28.05746,27.455,27.30229,26.68362,25.95598,26.685,27.08797,26.12236,24.8807,23.97384,23.14012,22.53906,21.9486,21.16449,20.72848,19.92732,20.06661,14.27932,13.23051,12.5438,11.81948,11.33628,11.68316,13.3792,12.69197,9.04834,9.53316,7.91029,7.9246,8.08071,8.21694,7.26172,7.43068,7.59206,7.25625,8.25132,8.78994,8.44795,8.12391,8.29969
lso,Lesotho,88.18462,89.41451,88.18495,83.78125,81.71429,79.28622,55.35432,46.04016,46.43541,42.17105,43.32403,27.94406,43.00547,49.52747,39.39395,36.50886,30.75327,37.58447,30.33335,34.256,22.43612,24.34777,16.66436,16.25863,15.21385,16.02978,15.83661,14.25375,14.00164,12.62463,12.16165,7.325,9.07709,8.33024,8.26243,8.78063,7.68928,7.0032,8.32299,8.78463,7.82713,8.29887,6.39531,6.34689,5.98401,5.67113,4.84276,4.88999,4.89705,5.50352,4.86218,4.54395,4.89531,5.06436,3.96071,3.7819,4.92412,4.96362,4.24978,4.4638,5.30771,5.95625,5.95085,6.63923,6.49945
ltu,Lithuania,,,,,,,,,,,,,,,,,,,,,,,,,,,,,,,,,,,,9.81208,10.8805,9.3759,7.62845,6.35364,5.57352,4.86501,4.7676,4.41639,4.15168,4.32727,3.87289,3.47268,3.28158,2.52928,3.06872,3.51897,4.00007,3.53436,3.44016,3.43672,3.12062,3.54934,2.88686,3.12405,3.53242,3.39582,3.92794,2.71539,2.57325
lux,Luxembourg,,,,,,,,,,,,,,,,,,,,,,,,,,,,,,,,,,,,0.93463,0.81488,0.71151,0.7773,0.71356,0.59687,0.56029,0.69066,0.46424,0.53543,0.3565,0.31176,0.36322,0.30778,0.23333,0.26841,0.25112,0.28795,0.26191,0.28955,0.22373,0.2142,0.23457,0.23374,0.21483,0.20042,0.19486,0.24217,0.21242,0.17303
lva,Latvia,,,,,,,,,,,,,,,,,,,,,,,,,,,,,,,,,,,,8.0547,6.9281,5.07166,3.89085,3.72902,4.54958,4.48099,4.62765,4.10241,4.36505,3.86774,3.42315,3.45398,3.09129,3.28684,4.11588,3.7778,3.53285,3.21209,3.6164,3.55445,3.32533,3.62476,3.66105,3.85343,4.07918,4.20672,5.078,3.91326,4.09965
mar,Morocco,,,,,,23.44504,21.00165,21.73716,22.42223,19.33005,19.93906,21.86719,21.25509,20.82618,20.65593,17.89844,19.25347,16.38432,18.91975,17.91661,15.12214,10.68485,12.91555,12.62338,12.12317,13.29093,15.70511,11.76452,14.20342,14.3519,15.09518,17.49944,14.04276,13.06941,17.25951,13.49265,18.43998,14.63418,14.48679,12.47664,10.72863,11.87618,11.84328,12.49186,11.86933,10.69888,12.30417,9.87525,10.86496,11.96505,11.96208,12.0819,11.32975,12.35837,10.35315,11.79619,10.32197,11.16029,11.30554,10.8424,10.66364,11.97794,9.81814,11.06462,10.0876
mda,Moldova,,,,,,,,,,,,,,,,,,,,,,,,,,,,,,,,,,,,29.27351,27.48428,25.96379,25.76809,24.8811,25.40932,22.42004,21.02183,18.3282,17.58674,16.3998,14.49888,9.98297,8.81093,8.49746,11.16126,11.38425,10.44817,11.55036,14.07096,12.82126,12.47974,12.19959,10.14688,10.16081,9.36669,10.58659,8.11428,7.08455,7.10654
mdg,Madagascar,,,,,,,22.67536,22.85433,21.87003,21.40095,21.85881,21.51435,22.28799,23.8786,30.51495,30.35538,29.68126,29.30481,28.47916,26.37766,,,,,,,,,,,,,,,,34.95967,33.4309,33.79807,33.24276,33.27966,30.87872,29.85131,34.14251,32.02979,31.42051,30.76273,30.18227,28.06701,27.05257,30.46515,29.0781,29.05021,28.00061,26.49303,25.84538,25.74335,25.13345,24.55014,23.97338,22.95625,24.69294,22.52209,21.54424,22.40474,22.45787
mdv,Maldives,,,,,,,,,,,,,,,,,,,,,,,,,,,,,,,,,,,,,,,,,,,,5.31119,5.5842,7.72803,6.59516,6.16536,6.87565,5.41948,5.63412,5.38563,5.1906,5.41343,5.30719,5.5336,5.62856,5.2711,5.12401,4.49402,7.57495,5.3062,5.06183,5.1052,3.04741
mex,Mexico,,,,,,13.14923,12.09306,11.74623,10.92079,10.44768,12.12056,12.00296,10.94735,11.53074,11.47856,11.13875,10.61793,10.51597,10.26948,9.18271,6.31871,6.35982,5.37348,5.93525,6.42201,6.53973,6.80768,6.41647,6.47809,6.4526,6.6671,6.49699,5.99898,4.79415,4.36385,4.13057,4.57994,4.21889,3.90765,3.49018,3.15927,3.22549,3.11036,3.20736,3.18595,2.94567,2.94296,3.04187,3.02876,3.1006,3.09201,2.97569,3.04873,3.02454,3.02714,3.08519,3.24629,3.29751,3.29696,3.31502,3.71115,3.78267,3.89931,3.83818,3.76597
mhl,Marshall Islands,,,,,,,,,,,,,,,,,,,,,,,,,,,,,,,,,,,,,,8.62358,7.49647,7.96359,8.04991,7.41499,6.45006,6.868,7.21851,7.12087,7.06718,7.34399,8.80757,9.57302,10.58566,13.88427,17.81981,15.85708,12.0371,12.42281,12.72765,15.83224,16.2795,18.20915,19.90604,24.96586,21.01275,19.47181,
mkd,North Macedonia,,,,,,,,,,,,,,,,,,,,,,,,,,,,,,,7.16184,10.84298,14.48441,10.0234,10.57675,10.61094,10.66768,10.43231,10.86172,10.51768,10.09628,9.74512,10.17012,11.53878,11.55399,9.73619,8.98937,8.93242,11.44352,10.37017,10.1206,9.35099,9.10472,10.02748,10.17757,9.72692,9.17291,7.87325,8.4704,8.13229,8.56906,7.14749,7.27989,6.6271,5.97352
mli,Mali,,,,,,,,61.71762,57.89335,56.7748,57.82877,57.07616,55.79488,51.61128,46.0558,57.50932,55.12434,55.1771,52.13693,55.00662,41.58998,42.61274,40.40048,37.03898,36.69367,36.96282,35.60661,36.91423,39.9456,38.16033,37.41768,39.27466,36.99633,39.04665,36.83569,37.70895,36.87921,35.96217,34.56067,35.55572,32.90187,32.81361,32.71418,29.87663,21.63173,22.50895,20.57944,21.97147,23.77361,24.3106,25.02914,27.46548,30.57712,28.45676,29.56372,30.52512,30.99872,31.40078,32.49754,32.26822,32.28996,32.03756,32.96528,32.49041,33.44543
mlt,Malta,,,,,,,,,,,6.29927,6.40296,6.68667,6.50773,6.49009,5.7093,5.7678,5.5259,4.20352,3.63634,3.4837,3.54038,3.73087,4.20641,4.31158,4.1826,4.09893,4.00949,3.5764,3.42771,3.15177,2.98488,2.76373,2.74297,2.56111,2.25202,2.23711,2.20865,2.32597,2.15667,1.85678,2.17221,2.10668,1.9197,1.84667,1.78761,1.81393,1.75488,1.07432,1.32959,1.27223,1.08776,1.09099,1.01976,1.00129,0.94116,1.01065,0.67567,0.62214,0.47211,0.72667,0.82993,0.77066,0.00389,0.20782
mmr,Myanmar,,,,,,,,,,,,,,,,,,,,,,,,,,,,,,,,,,,,,,,,,57.23865,57.06919,54.52833,50.62056,48.16509,46.68724,43.91896,43.32277,40.2751,38.10812,36.85308,32.49618,30.5902,29.53373,27.8298,26.77178,25.62862,23.40413,22.07561,20.84216,22.41865,22.78529,22.33435,22.72223,20.83418
mne,Montenegro,,,,,,,,,,,,,,,,,,,,,,,,,,,,,,,,,,,,,,,,,11.30188,10.81121,10.92378,9.91499,9.26192,8.75766,8.2114,7.22907,7.44049,8.26818,7.67808,8.07295,7.45245,8.03466,8.09984,8.06119,7.46824,6.85389,6.73224,6.39384,7.55489,6.46148,6.04399,5.47219,5.1561
mng,Mongolia,,,,,,,,,,,,,,,,,,,,,,16.74279,18.03641,18.41536,17.20093,16.4007,18.66953,16.41757,16.62938,15.51501,12.47384,11.81157,25.55711,25.70937,27.48261,32.54282,38.477,32.23688,32.43337,31.69783,27.42253,22.96889,18.91913,18.43952,20.02978,19.79796,17.64367,18.42797,19.21512,17.86444,11.73256,10.30736,11.25802,13.41406,13.34122,14.0792,12.62784,11.13723,11.428,11.55838,12.96566,13.16317,13.02785,9.9206,7.38484
moz,Mozambique,,,,,,,,,,,,,,,,,,,,,,,,,,,,,,,,33.9358,29.71481,33.09767,30.16836,31.34655,30.95381,30.18164,26.9864,22.79819,19.03917,18.22573,22.73418,22.72283,22.49013,22.92141,24.11339,24.01622,26.84575,27.9106,27.30938,26.48487,25.51771,24.25291,24.65547,23.56632,23.62728,26.07496,25.54256,24.76978,26.88197,26.89459,25.63922,25.91145,26.25951
mrt,Mauritania,,33.47136,32.7253,33.07536,26.86147,24.89817,24.95416,25.08643,23.8359,20.12031,22.6738,21.72236,21.33072,28.81368,25.73867,21.96473,21.02539,21.924,23.47426,21.78005,23.50669,24.18612,24.73758,24.86187,21.06454,16.50132,19.65137,23.89214,24.11613,23.76912,21.88607,28.59169,28.54554,28.64726,27.93854,28.13398,27.19803,25.04665,25.94134,26.27666,24.82875,24.86896,24.23002,24.17885,22.9179,20.0702,16.60714,18.43252,18.55942,19.17818,16.73305,14.51589,16.08596,16.2826,18.81426,20.62955,21.73921,22.71883,23.65597,19.95788,19.15234,19.14858,21.2302,18.74292,18.62497
mus,Mauritius,,,,,,,,,,,,,,,,,19.67556,17.02545,15.40461,15.8081,10.36975,12.14909,12.87568,11.326,11.92853,12.60558,12.57185,11.98055,10.80181,10.26333,10.74278,9.83646,9.87963,9.02941,8.55096,9.07592,8.94268,8.19866,8.01968,4.92997,5.62922,6.06632,5.12245,5.10866,5.20609,4.91181,4.90645,4.37599,4.07488,3.88064,3.64174,3.70365,3.65727,3.33059,3.19195,3.07196,3.09727,2.99475,2.56386,2.70724,3.14186,3.28024,3.56303,4.00597,4.26098
mwi,Malawi,,,,,,,,,,,,,,,,,,,,,32.62947,29.90199,30.96557,31.76333,31.3214,31.71801,32.25582,35.8221,36.12264,33.72298,32.00794,32.97698,29.05517,37.24808,18.58226,22.34434,26.13181,25.21073,26.77442,28.61224,29.66089,29.34634,32.28718,30.12818,28.8733,27.37668,25.67388,22.88249,24.93236,25.3093,24.63214,23.93141,23.52929,23.84929,23.87344,22.99484,22.19291,22.92623,21.63259,22.9474,25.01501,25.53283,27.59755,30.37923,32.36022
mys,Malaysia,43.71593,45.38215,42.96866,35.12365,33.27378,31.00664,31.54124,31.59812,31.33851,33.13688,32.58028,28.42619,28.26248,28.93645,32.46534,30.71694,29.40183,28.21446,26.38947,24.87529,23.02727,21.82103,21.50166,20.22309,20.34569,20.28148,20.1845,19.96054,20.07145,18.08178,15.21653,14.3557,14.57241,13.78736,13.66104,12.94944,11.68043,11.10133,13.31224,10.84239,8.59902,8.01097,8.98508,9.30609,9.271,8.26229,8.60998,9.98677,9.96858,9.2191,10.08992,11.45335,9.79375,9.11336,8.87321,8.2875,8.46253,8.59828,7.51209,7.24131,8.166,9.56621,8.95072,7.7859,8.16294
nam,Namibia,,,,,,,,,,,,,,,,,,,,,8.02345,8.74112,8.45846,8.05868,7.93324,7.39195,7.7479,9.135,9.16504,8.45799,9.05537,9.97333,7.08325,7.42032,10.12916,9.44737,9.32986,8.51022,8.58856,8.76623,10.73102,9.67547,10.03914,10.21534,8.93978,10.36849,9.64647,8.44071,7.53169,8.14814,8.45537,8.11363,8.05448,7.82146,8.13894,6.65043,6.72012,7.67616,7.7683,7.08398,9.15818,9.563,8.75889,7.67766,7.29121
ner,Niger,75.32407,73.88717,75.99761,72.94795,74.32404,67.70392,66.87473,70.70633,69.16821,66.41938,64.87511,65.46078,62.46014,60.27145,63.79496,50.31146,47.02772,51.7872,52.68035,48.6845,43.05661,45.6518,44.29864,41.58056,35.77134,36.74289,34.72854,35.21085,35.35041,34.07163,29.44225,31.58085,33.15941,34.07709,31.16929,30.73058,32.3287,30.23252,35.41378,35.00259,36.57556,40.18193,41.36694,41.19553,37.37173,39.28052,39.74508,37.09451,38.77501,34.78481,35.82139,33.64676,33.68099,32.23501,33.42904,32.417,35.26296,35.81687,37.57762,36.99192,38.37558,36.48103,41.35052,32.50582,33.81138
nga,Nigeria,,,,,,,,,,,,,,,,,,,,,,12.24041,13.50269,14.99073,18.30836,18.22764,18.02043,20.55211,23.37165,21.2756,21.55626,20.88528,20.32116,23.49113,25.17385,25.48651,26.19916,27.41665,27.90837,26.02849,21.35724,24.47535,36.96508,33.82706,27.23045,26.08928,24.73499,24.66258,25.27975,26.74885,23.8937,22.23471,21.85996,20.75862,19.99025,20.63189,20.98311,20.84657,21.20377,21.9063,24.14331,23.35706,23.69187,22.72494,20.35324
nic,Nicaragua,,,,,,,,,,,,,,,,,,,,,,,,,,,,,,,,,,,19.01922,20.08039,21.40553,19.95677,19.19095,17.00022,17.76551,16.81333,16.43011,15.6259,15.96882,16.1379,15.89966,16.46134,16.26279,16.06765,16.98264,18.88479,17.61158,16.49091,16.70902,16.10993,14.91534,14.99641,15.32221,15.52978,15.90678,15.72991,16.80303,15.32857,14.41151
nld,Netherlands,,,,,,,,,,5.63506,5.17538,4.80913,4.75406,4.68292,4.04649,4.3328,4.32681,3.66457,3.53728,3.50298,3.45006,3.87261,3.98013,3.80758,3.7838,3.80493,3.92875,3.88235,3.83523,4.15046,4.01809,3.90617,3.64363,3.19059,3.21744,3.10879,2.88213,2.97435,2.5656,2.33897,2.31075,2.23547,2.08749,2.06778,1.87462,1.8712,1.95985,1.8318,1.65239,1.56592,1.78781,1.59844,1.69697,1.84474,1.80099,1.80599,1.86399,1.96787,1.75987,1.75881,1.73737,1.65465,1.64195,1.72256,1.67999
nor,Norway,,,,,,,,,,,5.10106,5.07498,4.58719,4.44554,4.39357,4.11582,4.40396,4.43458,4.22901,3.7801,3.62606,3.61932,3.41878,2.95959,3.07096,2.85952,3.12865,3.19654,3.0859,2.90516,2.98402,2.91069,2.62774,2.60942,2.60365,2.58956,2.22714,2.06179,2.26325,2.05059,1.78414,1.54477,1.47384,1.25652,1.33559,1.35951,1.36556,1.20029,1.08255,1.23609,1.52478,1.30484,1.07728,1.25304,1.38343,1.48183,2.0339,1.91878,1.8112,1.78246,1.84393,1.59887,1.63442,2.08015,2.03822
npl,Nepal,,,,,,64.58408,68.69301,66.23538,67.3916,66.42455,66.86816,66.83822,67.84646,65.33253,68.41818,69.00609,66.08601,60.12153,58.86884,60.16205,57.89902,56.79862,57.16729,56.52251,57.29881,48.85803,48.69715,47.95033,47.79211,47.68957,48.80289,44.72339,42.66526,39.89595,40.44171,39.04141,38.92766,38.78073,37.39301,38.70148,38.2439,35.24767,36.1503,35.10588,34.67636,33.8249,32.36649,31.16441,30.30572,31.32265,33.17938,30.80549,30.07606,28.62266,27.4619,26.51851,25.51788,23.69955,22.33467,21.58337,22.18009,22.02145,20.91437,21.29871,21.87201
nzl,New Zealand,,,,,,,,,,,,11.40773,13.16057,11.90088,8.23937,9.92273,10.78488,9.45471,8.95657,11.41767,9.96014,8.52087,7.17946,7.43464,8.3116,7.30378,5.94965,6.09554,6.51012,6.76845,5.98868,6.88852,6.7173,7.32604,6.50773,6.45081,6.43713,6.07737,5.94612,6.27578,7.7529,7.98138,5.85289,5.72933,5.36559,4.5177,4.98361,6.06837,5.00103,5.73699,6.57131,6.27702,5.50646,7.02982,4.772,4.46729,5.54433,5.90942,5.66138,5.68946,5.70465,5.76845,4.56898,,
omn,Oman,,74.23313,61.19403,60.28037,60.181,60.61947,58.67769,36.85567,19.18679,16.1,15.54307,13.42926,12.07386,9.85832,3.23659,2.78929,2.06943,2.54542,3.24353,3.12524,2.54586,2.47677,2.53315,2.93806,2.921,2.77207,3.42782,3.50936,3.83315,3.24953,2.27051,2.31121,2.05002,2.10359,2.2234,2.43664,2.19844,2.2995,2.79786,2.58142,1.96523,2.04495,2.02623,1.92953,1.68993,1.41514,1.22533,1.20023,0.97392,1.28833,1.2473,1.10042,1.01551,1.14227,1.11271,1.72976,1.98532,1.9846,1.84942,1.99472,2.46923,2.39218,2.10827,2.44812,2.6029
pak,Pakistan,43.1892,41.72743,40.02923,38.84001,38.32405,36.9683,33.8369,35.05317,36.54168,33.95004,33.43176,31.96629,32.8023,32.45866,31.87669,30.16019,29.40843,29.36133,28.67683,27.7798,26.54551,27.46229,28.44777,27.2732,24.9046,25.68912,25.03265,23.63545,23.15332,23.91363,23.06707,22.84245,23.31001,22.19794,22.75282,23.42188,23.1958,24.48425,25.30314,25.16929,25.38714,24.14496,22.70263,22.15194,22.00189,21.57451,20.41835,19.93795,20.35137,21.78692,22.68881,23.81964,23.3862,23.70759,23.49273,23.26284,22.32833,21.9632,21.65124,20.67787,21.85413,22.66251,22.32686,23.33427,23.53214
pan,Panama,,,,,,,,,,,10.82754,10.57113,10.01956,9.47876,8.27175,8.28284,8.76047,9.44093,8.72368,8.05625,7.40376,7.25213,6.76075,7.23428,6.75709,6.86478,7.33706,7.41978,7.96047,8.50386,8.07414,7.65628,6.91969,6.59006,6.46079,6.48593,6.86222,6.64688,6.66181,6.13052,6.31214,6.69523,6.61481,6.71919,6.2069,5.72339,5.29181,4.75265,4.44423,3.78306,3.636,3.27922,3.12878,3.05395,2.98668,2.94962,2.78055,2.57262,2.44618,2.45508,3.06419,2.80289,2.61152,2.45028,2.57657
per,Peru,19.05452,19.15635,18.16816,17.08367,16.50747,16.07628,16.15679,16.83248,16.70975,16.00105,16.71562,15.96056,15.02059,14.87421,14.61005,14.83789,13.96898,27.94338,11.65865,9.77495,,,,,,,,,,,,7.8624,7.81805,8.29164,8.41559,8.03822,8.50405,8.04816,8.37834,8.2645,8.06937,7.89363,7.52396,7.31292,6.93443,6.85426,6.60348,6.70581,7.16094,7.40391,6.828,7.10011,6.72523,6.66831,6.80425,7.04564,6.93503,6.77976,6.88584,6.85303,7.71585,7.12266,7.17416,7.2405,6.05542
phl,Philippines,23.70819,23.64538,23.80502,24.40456,23.75973,24.26699,24.24955,24.43064,26.12839,26.79086,26.35888,27.0529,26.21745,27.19912,27.63,26.94469,25.91656,25.38149,24.91106,24.18173,22.03158,21.80806,20.42305,19.52398,21.6853,21.59447,21.02938,21.07944,20.11045,19.86511,19.15984,18.33846,19.10732,18.90795,19.26004,18.92515,18.01365,16.4491,14.74667,15.19436,13.9411,13.30281,13.44841,13.15095,13.9844,13.51755,13.36125,13.60651,14.51607,14.54021,13.74887,14.09574,13.09581,12.47343,12.27168,10.9965,10.20513,10.18295,9.65014,8.82032,10.18531,10.06916,9.55177,9.40037,9.08253
plw,Palau,,,,,,,,,,,,,,,,,,,,,,,,,,,,,,,,,,,,,,,,,3.89031,3.68697,3.82527,3.85734,3.89335,4.08185,4.72135,3.98848,4.2232,4.10094,3.99364,3.92153,3.83454,3.65629,3.32185,2.9351,3.13301,3.53641,3.45078,3.39031,3.30985,3.42146,3.20078,2.98983,
png,Papua New Guinea,,49.03934,47.38422,44.03409,42.55319,41.58802,41.33486,41.96246,42.89011,41.81229,37.17904,34.48549,32.38043,28.20597,27.99571,29.70183,31.70366,32.98421,36.02722,33.8601,33.11866,33.3928,32.42625,32.67678,37.36757,33.76511,32.18909,29.86371,29.14735,28.11505,28.97406,25.97903,24.47312,27.56672,32.36352,33.81278,31.64525,35.03305,33.69214,34.25727,33.96639,34.41128,37.99065,38.34859,35.96866,,20.40324,19.60859,20.17487,21.64347,19.60839,19.19971,19.27395,19.26002,17.69194,17.45693,17.86634,17.64957,16.97384,16.97645,18.75533,18.99279,16.90859,16.95959,17.15223
pol,Poland,,,,,,,,,,,,,,,,,,,,,,,,,,,,,,,,,,,,5.73588,5.30021,4.62334,4.01838,3.35557,3.1905,3.32495,2.80942,2.69176,3.33359,2.9676,2.74592,3.09409,2.64309,2.62641,2.91555,3.17181,2.98562,3.22653,2.9712,2.48364,2.6238,2.98537,2.41564,2.3703,2.56844,2.24552,2.80607,2.76537,2.60282
prt,Portugal,,,,,,,,,,,,,,,,,,,,,,,,,,,,,,,,,,,,4.80044,4.59075,3.83106,3.54172,3.28917,3.10975,2.96075,2.72289,2.65118,2.60214,2.30349,2.25314,1.99816,1.96377,1.95063,1.94035,1.83844,1.92005,2.04189,1.97659,1.97541,1.92236,1.96367,1.91817,1.99992,2.1409,2.16205,1.90544,2.11416,1.97185
pry,Paraguay,,,37.00273,38.19772,37.57483,36.70829,35.68362,32.89624,32.49111,32.55389,32.06578,33.19839,34.46372,37.70179,35.2972,36.90631,34.55007,34.11264,32.06745,31.39573,29.4646,27.76733,25.8663,24.78704,26.41779,25.54799,22.70748,21.63663,22.58075,21.11037,18.60194,16.00124,14.94896,16.71891,18.16377,18.44378,18.36501,16.42797,14.80094,14.00456,12.85666,11.37332,11.00964,13.00894,13.93335,12.71395,11.7936,12.70973,13.41765,9.94794,13.01448,13.79623,10.04223,12.86484,11.77086,9.44042,10.69651,10.18482,9.9502,9.66747,10.72799,11.2789,10.89748,11.58028,10.70805
pse,Palestine,,,,,,,,,,,,,,,,,,,,,,,,,,,,,,,,,,,13.26276,11.81918,13.01619,11.41816,11.71395,10.6504,9.68101,8.47216,8.03195,6.98085,11.14032,8.98999,11.3868,8.92584,10.12804,10.0214,9.00274,8.3425,8.10589,7.59868,7.83505,7.40889,7.60383,7.04055,7.35965,7.05402,7.10161,6.31675,5.74522,,
qat,Qatar,,,,,,,,,,,,,,,,,,,,,,,,,,,,,,,,,,,,,,,,,0.3728,0.37594,0.2568,0.23464,0.1818,0.13326,0.12184,0.10994,0.12465,0.12332,0.11791,0.09661,0.0942,0.09602,0.11717,0.16132,0.18387,0.21474,0.21826,0.26001,0.33875,0.29824,0.25656,0.29278,0.28886
rou,Romania,,,,,,,,,,,,,,,,,,,,,,,,,,,,,,,21.80907,18.87109,19.03901,20.99143,19.8854,18.16283,17.5391,17.51052,14.37944,12.64911,10.85392,13.1496,11.34244,11.91438,12.70551,8.4861,7.82081,5.5015,6.30193,6.11614,5.17725,5.95089,4.5408,5.50973,4.94834,4.42593,4.29218,4.43884,4.49504,4.29922,4.06478,4.60565,3.8129,3.87725,3.27673
rus,Russia,,,,,,,,,,,,,,,,,,,,,,,,,,,,,,15.60209,15.46104,13.7719,7.26336,7.5572,6.10956,6.69223,6.54938,5.86976,5.10339,6.58065,5.75172,5.87572,5.56571,5.50295,4.90444,4.25592,3.86131,3.7789,3.75334,4.08445,3.3439,3.15073,2.92603,2.9936,3.36061,3.8731,3.84022,3.55363,3.39425,3.5303,4.00635,3.67156,3.42029,2.97224,2.74357
rwa,Rwanda,,,,,,74.7917,74.86692,65.85109,65.28338,65.79066,61.61892,61.17859,59.55947,61.02459,59.13528,49.21357,49.2161,46.46098,42.41826,49.03816,45.84684,40.73712,39.78375,38.20267,40.83753,41.83584,37.52635,37.70911,39.22077,40.30891,32.54599,32.13271,33.23762,33.73489,49.75875,44.00045,47.18929,45.96095,45.51746,31.5457,31.18499,31.794,30.19469,33.03537,33.89526,33.77562,30.02611,26.06848,24.78051,25.35753,24.31449,23.8372,24.76543,24.92032,24.68832,23.981,25.15271,26.34544,24.62272,23.56063,26.65592,24.0707,24.88698,26.61213,24.58077
sau,Saudi Arabia,,,,,,,,,4.935,4.91925,4.22762,3.29125,2.80857,2.19298,0.82994,0.91533,0.77454,1.14752,1.49961,1.18424,0.95363,0.97182,1.55235,2.1103,2.70141,3.60334,4.84256,5.61429,6.23081,6.25628,5.636,5.36537,5.54253,5.99861,6.08597,5.8487,5.3678,5.35192,6.14072,5.65432,4.90093,5.13486,5.03754,4.47188,3.86836,3.1854,2.91996,2.74277,2.29269,2.83043,2.61912,2.15289,2.0621,2.14783,2.2794,2.75387,2.91802,2.83526,2.41396,2.45385,2.95557,2.44813,2.21479,2.45769,2.54031
sdn,Sudan,51.42784,51.50305,49.88108,44.84591,41.82871,41.94125,35.13252,34.85796,32.54023,34.50956,38.16491,38.81777,38.53805,39.84134,39.60102,35.81041,34.37769,35.60432,34.7435,32.12931,29.91354,33.37992,34.10534,31.19112,28.60645,31.46633,34.51775,31.61163,39.37288,37.36901,39.01959,40.18435,38.54295,39.90007,34.5307,37.28028,42.38485,45.04225,44.39459,43.2655,40.68217,35.78077,37.66274,38.41661,34.00608,33.19992,31.82011,35.66751,36.18316,33.50668,31.85222,27.84769,33.77462,29.60764,32.62427,31.55645,22.97758,21.23054,21.99347,20.16402,20.32086,6.35709,5.03129,30.27568,22.07589
sen,Senegal,23.28675,23.68081,22.54463,23.29378,23.7278,24.98597,25.54106,23.38996,25.46277,23.07163,23.71914,20.6498,24.26832,22.26365,23.48955,29.77939,29.75666,26.99631,20.79958,23.62593,18.51958,20.66362,21.19901,17.02754,18.42826,21.32741,22.02123,22.62281,19.28707,21.17535,18.46614,18.69641,17.14343,19.16536,17.74001,19.47016,18.33706,18.1914,17.83193,17.37601,16.43925,16.25243,13.38078,15.4911,14.2018,15.1804,13.39515,12.24591,14.68663,16.10773,15.94526,12.94706,14.09769,13.72488,13.36877,14.28258,14.41402,14.98203,14.98752,14.89627,16.14878,15.55126,16.33332,17.41125,15.48755
sgp,Singapore,3.70353,3.51177,3.58993,3.25027,3.33187,3.07012,3.27136,3.04494,3.04967,2.81227,2.56493,2.58445,2.21264,2.28654,2.01069,2.15534,2.04354,1.99166,1.66545,1.54911,1.50949,1.46317,1.34339,1.17846,1.06996,0.92113,0.717,0.55061,0.41698,0.3559,0.32344,0.25005,0.19736,0.17279,0.17316,0.14486,0.15003,0.13292,0.11138,0.11125,0.09213,0.08236,0.07103,0.06113,0.05565,0.05505,0.04887,0.04287,0.04143,0.04069,0.03615,0.03461,0.03327,0.03438,0.03454,0.03261,0.03152,0.03076,0.03012,0.03225,0.03282,0.03055,0.02598,0.02885,0.02744
slb,Solomon Islands,,,,,,,,,,,,,,,,,,,,,,,,,,,,,,,38.46303,62.53202,64.67323,60.51951,51.79199,46.77659,43.25802,42.62786,36.69543,33.59829,34.40593,23.90119,30.02356,35.82775,35.54198,31.2467,30.69619,30.81723,31.53782,30.43244,32.46445,32.82244,33.33793,33.61804,34.75833,33.22256,34.44694,33.28014,33.96876,32.67115,34.11984,35.04359,33.75553,,
sle,Sierra Leone,,,,,34.83711,31.04792,30.9657,34.22407,32.43198,26.76356,25.99383,28.47095,29.67781,29.46218,32.22527,35.66805,38.61642,36.38149,31.9707,30.01938,30.37646,29.32983,33.59302,36.56522,38.57849,42.79258,34.73006,42.46344,43.31348,42.50862,44.02862,36.74505,35.88729,40.30245,37.39516,39.95456,45.21015,57.3956,59.40207,59.86649,55.01416,45.79089,46.85368,46.90232,49.1071,50.10288,27.54031,28.39843,28.99748,30.47197,30.54262,31.58466,30.65709,30.12323,31.9044,34.30256,32.57769,33.33205,34.98523,34.57332,35.17918,33.72792,33.81581,29.06976,25.42714
slv,El Salvador,,,,,,41.37538,38.68663,38.5044,37.39899,36.24929,40.44063,39.19671,38.05906,39.8275,37.2896,35.33321,39.33376,43.00594,37.03628,38.90242,37.95789,34.38962,32.59351,31.18053,28.94213,26.91181,27.42892,20.7536,20.97519,18.31003,16.01368,15.79239,12.96503,12.72881,12.46178,11.52888,10.85033,10.91456,9.46818,7.93373,7.17278,6.68649,5.82298,5.4884,5.72793,6.17166,6.04617,6.99311,7.09011,6.66859,6.98171,7.33019,6.51436,5.61331,5.86687,5.52977,5.73215,5.39301,5.13277,5.14643,5.3548,4.81226,4.55875,4.45041,4.38041
smr,San Marino,,,,,,,,,,,,,,,,,,,,,,,,,,,,,,,,,,,,,,,,,,,,,,,,,,,,,,,,0.02005,0.01362,0.02048,0.01641,0.01528,0.0141,0.01663,0.01149,,
som,Somalia,64.44534,64.16365,64.94706,64.03267,64.51359,63.43845,61.86902,59.6353,54.62891,53.74677,48.86084,48.15491,50.83348,56.48773,31.24104,45.77144,47.26248,55.93025,55.02143,51.14078,64.47725,62.7539,62.94871,60.71052,65.20489,63.67625,59.51963,60.81671,65.86361,56.18418,55.79418,,,,,,,,,,,,,,,,,,,,,,,,,,,,,,,,,,
srb,Serbia,,,,,,,,,,,,,,,,,,,,,,,,,,,,,,,,,,,,14.16063,15.30858,14.67144,14.13471,15.71118,14.66698,12.77778,8.51014,7.02904,7.6271,6.16014,6.22223,5.50487,6.35977,5.9916,6.11651,6.348,6.04364,6.29965,6.11738,5.60595,5.70664,5.05779,5.20469,4.76475,5.05374,5.15586,5.33834,3.7866,3.14789
ssd,South Sudan,,,,,,,,,,,,,,,,,,,,,,,,,,,,,,,,,,,,,,,,,,,,,,,,,4.19544,5.22004,5.29379,4.67694,6.17613,9.63581,7.59651,10.35503,,,,,,,,,
stp,Sao Tome and Principe,,,,,,,,,,,,,,,,,,,,,,,,,,,,,,,,,,,,,,,,,,,,,,,,,9.47767,10.49162,11.63189,12.33191,12.86573,13.40696,13.27958,14.13487,13.0514,12.74752,11.81812,11.92965,14.14705,15.26618,13.93176,13.70641,12.83988
sur,Suriname,9.53337,9.28505,8.78175,8.77332,9.04018,9.21181,8.24796,7.81604,7.85167,6.91315,6.47508,6.51163,6.69979,6.31905,7.08796,6.2406,7.0821,7.17849,6.23385,7.41214,7.73585,7.87402,7.86885,7.18732,7.75463,8.19015,9.31538,10.40816,10.07752,8.99373,8.08445,8.815,11.15505,18.87776,16.32198,13.98638,14.78348,11.70173,8.38727,8.44662,9.53925,9.09487,6.70477,6.47972,5.22488,4.91937,9.99167,10.14762,8.92968,9.84208,9.47219,8.73236,8.38506,8.48595,9.38476,10.40816,10.76613,10.91776,10.03247,8.59608,8.13603,9.67766,7.29566,7.4745,
svk,Slovak Republic,,,,,,,,,,,,,,,,,,,,,,,,,,,,,,,,,,,,2.12957,2.14605,1.94136,2.00526,1.5194,1.58663,1.98525,1.90902,1.67052,1.50647,1.47126,1.69161,2.13456,2.36047,1.90943,1.49859,1.79373,1.79463,2.07433,2.61493,2.04597,2.06264,1.84814,2.00933,1.61701,1.72918,1.8732,1.92999,2.12517,2.02886
svn,Slovenia,,,,,,,,,,,,,,,,,,,,,,,,,,,,,,,,,,,,3.8283,3.60578,3.66283,3.48187,2.93554,3.00268,2.72189,2.89428,2.21615,2.40214,2.42413,2.09206,2.03283,1.75871,1.76138,1.81943,2.04087,1.82601,1.83077,1.82135,1.97361,1.8513,1.69304,1.99134,1.77041,1.8973,1.51125,1.71023,1.51932,1.49228
swe,Sweden,,,,,,,,,,,,,,,,,,,,,4.46062,4.52081,4.6598,4.59846,4.59008,4.55001,4.38523,4.15887,3.97378,3.9038,3.56465,2.99817,2.84843,2.6835,2.67949,2.65648,2.33937,2.26622,2.12334,1.94975,1.7848,1.79176,1.75199,1.71154,1.68061,1.16031,1.24038,1.43885,1.25959,1.13933,1.36164,1.4117,1.25257,1.23062,1.25159,1.30289,1.27441,1.31526,1.27924,1.29095,1.19967,1.11492,1.0402,0.99241,1.14747
swz,Eswatini,31.53076,30.26073,34.75006,38.79588,36.84178,33.06773,35.70128,27.52809,23.15789,29.08367,30.08739,33.5041,35.90426,29.87013,27.72829,24.85929,25.7384,26.09682,31.3977,28.53848,19.51716,19.28529,16.41254,13.93244,17.7793,16.94704,18.97106,14.17641,13.81173,13.04847,8.87149,9.83193,7.71966,8.87001,11.42108,10.07948,11.98419,10.87054,11.02436,11.11877,12.31598,12.09922,12.50254,12.38526,9.65947,10.97176,11.18422,10.75418,9.99945,9.25039,10.15621,9.71988,10.20334,8.37419,8.20321,7.37823,5.37575,8.11465,7.38623,7.42606,7.65528,7.20232,7.58206,6.77914,
syc,Seychelles,,,,,,,,,,,,,,,,,9.62185,9.16464,8.40619,7.29619,6.38232,7.30014,5.9714,7.22967,6.0215,5.36883,5.61307,4.94183,4.41682,4.00831,4.48913,4.45966,3.57214,3.8964,3.85622,3.8957,3.63648,3.25934,2.45518,2.89437,2.641,2.63784,2.69362,2.46145,3.2271,3.03801,2.78226,2.6279,2.53632,2.24129,2.23546,2.19346,1.99985,2.71276,2.33075,2.05307,1.91491,2.13181,2.07835,2.12955,1.96125,2.44466,2.4356,2.49645,2.45103
syr,Syria,,,,,,,,,,,22.41176,21.83951,26.52796,18.91289,21.65983,19.01248,20.68756,19.87191,22.026,18.40971,20.87381,19.15867,19.91045,21.03805,19.33185,20.63322,23.45972,25.33983,30.55142,23.64906,28.28516,30.67588,31.71246,29.00847,27.84108,28.20159,27.71731,25.77387,29.3864,24.34586,24.73395,25.29794,25.00504,24.65548,22.43326,20.2931,21.4568,19.45881,18.7564,22.79501,19.43897,20.6469,23.4323,25.10493,26.86013,33.13046,34.16687,40.63561,39.00988,40.74104,33.88269,40.12846,43.05999,,
tcd,Chad,39.72092,38.73725,38.47387,38.02655,36.59091,35.84336,36.55656,39.90414,39.52595,38.38861,37.10214,37.21627,37.8145,36.47669,36.7001,36.95937,35.77671,35.49884,36.09208,41.26618,45.7324,40.27126,39.9724,38.88458,32.57152,37.04538,31.67456,31.77957,35.19042,30.1661,27.88865,35.50783,34.32437,31.37197,37.21829,35.05874,37.54797,38.34468,39.00492,38.0688,40.70514,40.29544,37.90293,25.63394,29.77426,29.28199,32.13355,29.35142,29.05754,33.15669,33.25095,27.15633,27.0844,31.71286,31.16881,33.62103,39.37162,38.43009,37.61814,37.59037,38.81729,35.7885,35.22798,35.04178,32.15083
tgo,Togo,,,,56.17282,51.82289,47.12644,43.87947,44.21053,44.57429,42.95975,32.1574,30.52503,29.68036,32.07965,25.40168,27.4357,35.0697,40.10663,23.72881,22.60339,26.46812,27.2093,26.88172,30.10067,33.39707,32.61314,34.89385,32.89824,33.75394,32.22892,15.19862,14.32142,15.44791,18.7011,14.96564,16.74744,19.57382,21.28186,19.72973,20.65551,14.80521,15.16446,15.74036,14.57239,15.40587,17.33256,16.96091,16.92987,20.68177,21.34845,21.0779,19.86507,20.97605,19.13964,19.33893,18.92195,20.38518,20.31546,19.64937,19.51453,19.07689,18.36499,18.70014,18.13083,18.03917
tha,Thailand,36.44438,35.83823,34.0027,33.06552,30.6342,31.92325,33.40021,29.24378,28.68293,28.68472,25.91588,23.92438,25.33804,27.69023,27.00573,26.87108,26.69553,24.7831,24.49816,23.99356,23.23988,21.3571,18.54845,20.06017,17.57386,15.80937,15.66415,15.73344,16.17806,15.07529,12.49963,12.64983,12.29734,8.02583,8.62755,9.08122,9.06342,9.0649,10.25923,8.893,8.49985,8.57929,8.69218,9.44135,9.29111,9.19436,9.40199,9.34768,10.07243,9.78703,10.52218,11.59179,11.5041,11.32222,10.08892,8.87272,8.47808,8.40641,8.20182,8.12857,8.70285,8.69291,8.71945,8.56278,8.715
tjk,Tajikistan,,,,,,,,,,,,,,,,,,,,,,,,,,32.66332,33.05228,30.80645,31.68605,32.02899,33.33333,36.09467,29.52087,20.97983,19.63812,36.69169,36.03593,32.01183,25.10131,25.38864,25.12453,23.80841,22.2321,24.19456,19.22235,21.19169,21.45107,19.43473,19.86728,18.552,19.58668,23.83551,23.32682,21.32089,23.77378,21.59057,20.85698,20.2833,19.77196,20.86707,22.69043,22.44908,22.93485,22.85886,
tkm,Turkmenistan,,,,,,,,,,,,,,,,,,,,,,,,,,,,28,25.92593,28.57143,33.33333,32.20339,10.875,18.16367,32.68349,16.21166,12.63226,20.23402,25.15899,24.84169,22.53877,23.09804,20.9328,19.1196,18.35546,18.532,17.19787,18.85481,10.72165,10.51535,11.34054,8.88435,8.50147,8.47439,8.29544,9.30654,10.52744,11.11781,11.04157,10.81136,11.49205,11.80796,10.93449,11.29165,
tls,Timor-Leste,,,,,,,,,,,,,,,,,,,,,,,,,,,,,,,,,,,,,,,,,28.42739,21.55371,24.67527,24.87367,30.78841,28.91251,32.20429,29.99742,30.15551,24.96286,25.59641,22.16024,25.79649,21.31999,21.05071,17.82776,17.06307,17.12939,17.77136,14.12916,13.26215,8.6705,10.33449,16.86014,
ton,Tonga,,,,,,,,,,,,,,,,42.40755,39.97063,38.02104,35.70262,36.2318,33.4026,33.81829,32.73577,31.08394,32.50878,31.86121,32.9344,32.75119,31.64532,30.43673,29.91315,30.6548,32.78561,34.11019,21.53735,20.70422,20.30945,20.21347,21.26126,22.38407,19.63692,18.28744,18.10623,19.16298,20.24799,17.76087,15.77179,16.70799,14.7436,15.51313,16.43799,17.06596,16.636,17.07331,16.31959,16.85066,16.60674,16.81937,17.38282,20.24119,17.45586,15.13469,15.57194,17.5056,
tto,Trinidad and Tobago,,,,,,,6.70589,6.47085,6.76637,6.76976,6.64963,6.61773,7.11026,5.70548,4.58177,5.03575,4.87316,4.10206,3.65163,3.36055,2.58787,2.59698,2.3888,2.1317,1.32674,2.43484,2.76304,2.76806,2.71623,2.45033,2.54097,2.4771,2.53568,2.51492,2.22232,2.31283,2.08491,2.16723,2.05806,1.93592,1.35719,1.28638,1.39847,0.94788,0.76148,0.484,0.56688,0.37166,0.36551,0.59515,0.52015,0.45654,0.62386,0.71277,0.66856,0.92205,0.99243,1.08561,0.96429,0.76157,1.05713,0.91029,0.75912,0.82377,
tun,Tunisia,,,,,,20.79569,17.8591,16.29825,17.5788,15.91849,17.03282,19.38266,21.45199,19.7429,18.72981,18.47938,17.75479,15.81733,15.08917,13.54209,14.13077,13.66651,13.15461,12.37805,14.21153,15.81437,13.01184,16.46734,11.83059,12.91567,15.72067,16.7207,16.12237,14.70913,12.55802,11.36654,13.7132,11.2346,10.60075,10.60634,10.00632,9.42186,8.29848,9.2915,9.90255,9.16983,9.28071,8.64202,7.84865,8.45661,6.84615,7.57684,8.30026,7.96931,8.57166,9.20601,8.52552,8.98605,9.88853,9.76626,10.3917,10.09011,10.71174,9.33124,
tur,Turkey,54.91924,51.73853,52.80199,53.32618,50.49702,46.1467,47.20252,44.53125,41.5873,40.86758,39.08397,37.36082,34.31339,33.95604,36.00242,35.37077,32.51944,31.43993,31.80353,27.90756,26.14614,24.16276,22.35375,20.91501,21.20143,19.69056,19.5126,17.81847,17.25896,16.58598,17.47623,15.24708,14.98367,15.41602,15.46283,15.6932,16.85456,14.46115,12.45032,10.45783,10.03285,8.78804,10.19076,9.79515,9.32742,9.16534,8.09488,7.45703,7.42467,8.07199,8.96693,8.17396,7.69488,6.67611,6.55724,6.86838,6.14229,6.03863,5.79162,6.40176,6.66994,5.53375,6.47693,6.15948,5.59255
tuv,Tuvalu,,,,,,,,,,,,,,,,,,,,,,,,,,,,,,,23.68098,22.35213,21.4221,21.80215,21.81096,22.23328,24.03945,22.81791,20.13206,19.15359,16.33846,17.30556,15.94258,16.29,17.64774,19.43333,21.65938,22.07941,21.01053,23.33889,26.51429,25.82632,19.62474,19.0145,18.24419,15.91633,,,,,,,,,
tza,Tanzania,,,,,,,,,,,,,,,,,,,,,,,,,,,,,,,28.95472,30.19993,30.78504,30.86767,28.63659,30.05888,30.30902,29.33688,26.76208,26.44139,26.21727,25.80916,25.17174,24.91929,25.70581,24.64884,23.66931,23.24549,24.76549,26.03519,25.58241,24.97686,26.55093,26.79087,25.80258,26.74589,27.44414,28.75348,27.8686,26.59431,25.2549,24.78845,24.25697,23.68715,23.40678
uga,Uganda,49.87486,49.92284,49.18083,47.51292,47.2434,49.06616,48.03328,45.83876,44.42645,45.36959,51.02812,54.04524,54.49765,58.59658,60.48771,70.61594,71.87104,73.28726,73.65537,65.2178,71.76304,58.32648,50.2411,53.05758,49.75668,48.37572,53.09797,54.7545,54.2744,54.37623,53.28291,49.37254,48.20294,48.28488,46.16985,45.29539,41.0372,38.11996,38.25105,34.78598,27.50911,27.85024,23.43343,24.50702,21.67035,25.07494,24.03493,22.27811,21.3846,34.87286,32.86801,28.96925,27.17726,26.03032,24.81998,23.47237,22.66032,23.45884,23.25029,22.94551,23.92903,23.8418,24.01172,24.08957,24.66898
ukr,Ukraine,,,,,,,,,,,,,,,,,,,,,,,,,,,,20.76302,20.04219,22.26351,24.46707,24.64883,20.85198,21.54067,14.5724,13.76976,12.22905,12.5154,12.06807,11.87501,13.95179,13.97609,12.60325,10.49954,10.43704,8.87531,7.23906,6.283,6.5354,6.9054,7.40221,8.15022,7.76131,8.69231,10.15461,12.05938,11.7257,10.17766,10.13953,8.96518,9.31015,10.88577,8.57298,7.55195,7.11117
ury,Uruguay,,,,,,,,,,,,,,,,,,,,,,,,13.40118,14.62803,13.59511,12.65182,13.71186,12.34948,11.54867,9.20846,8.49783,8.81564,7.36676,7.92534,8.61611,8.01606,6.55147,6.82374,5.81525,5.99419,5.5867,7.52966,9.63878,10.99679,8.74584,8.91385,8.49936,9.16892,7.887,7.20206,8.82916,8.12177,7.6162,6.73546,6.13144,6.67872,5.4064,5.82387,6.5028,7.2067,7.73427,6.9184,6.09101,6.42189
usa,USA,,,,,,,,,,,,,,,,,,,,,,,,,,,,,,,,,,,,,,1.2665,1.11164,0.96896,0.96497,0.95224,0.88449,1.0061,1.18283,0.99846,0.92027,1.0105,0.9922,0.89314,0.96846,1.15314,1.10408,1.27866,1.13914,0.99561,0.89068,0.90169,0.85744,0.76237,0.76283,0.96541,1.11508,0.98907,0.85109
uzb,Uzbekistan,,,,,,,,,,,,,,,,,,,,,,,,,,,,25.50515,28.0335,31.13558,33.11399,37.09319,35.13919,27.58509,34.3456,28.04992,22.36476,28.19861,26.8,29.02295,30.0559,29.97381,30.12268,28.46201,26.44401,26.33106,25.07941,23.2359,19.68961,18.63268,26.92203,29.69858,28.96356,27.8106,28.69633,29.22072,29.27665,25.45625,23.92626,21.84191,22.52771,22.15473,20.97377,20.16765,18.32598
vct,St. Vincent and the Grenadines,,,,,,,,,,,,,,,,,,11.89915,14.26358,12.50877,9.99622,11.76853,11.02428,10.38345,12.14937,12.17159,12.37772,11.32141,13.68791,13.02866,14.16971,12.47311,13.2262,9.78746,7.06992,9.1981,8.15513,6.44849,7.0581,6.93973,8.4664,6.84748,6.98621,6.10488,5.85289,6.59731,6.14814,5.95899,6.03591,6.34514,6.26507,6.33056,6.15236,6.54391,6.55415,6.2603,6.75105,6.76903,7.10938,7.00321,8.64274,5.20749,4.63942,4.20063,3.54621
ven,Venezuela,,,,,,,,,6.44978,7.09072,6.46535,6.31666,5.90745,6.01504,4.86876,5.54607,5.14537,5.55932,5.70821,5.35225,5.29746,5.42481,5.71285,6.118,4.95325,5.60676,6.42009,5.91573,6.41382,5.89726,5.21214,5.29186,5.13763,5.17534,4.87994,5.04047,4.08962,4.49549,4.95043,4.35106,3.93299,4.23151,3.84705,4.31315,3.71882,3.69518,3.6568,3.81354,4.15842,5.66218,5.37527,5.01293,5.01637,4.90255,5.02675,,,,,,,,,,
vnm,Vietnam,,,,,,,,,,,,,,,,,,,,,,,,,,,38.06344,40.55749,46.29702,42.06742,38.73674,40.48913,33.93859,29.86995,27.42783,27.18269,27.75883,25.77171,25.78078,25.43444,24.53458,23.24105,23.02944,22.54244,21.8077,19.29998,18.72679,18.6551,20.41314,19.16846,15.37509,16.25915,16.19951,15.21561,14.88035,14.47473,13.81826,12.92988,12.30667,11.78453,12.6554,12.60309,11.8803,11.86167,11.86349
vut,Vanuatu,,,,,,,,,,,,,,,,,,,,21.95122,17.68729,18.52897,17.11874,23.54908,25.09591,26.09971,22.46585,19.10574,18.78326,19.02977,19.58116,15.5348,15.19676,16.9552,15.27717,15.42589,16.51027,15.70904,26.09801,24.84607,22.96413,23.52988,24.26613,22.82889,23.59875,22.2745,20.98496,20.9592,20.01403,19.39074,19.54274,20.85915,21.6187,21.52123,23.83565,21.60439,20.92861,21.37068,21.2194,21.12052,22.8688,23.30035,24.88014,,
wsm,Samoa,,,,,,,,,,,,,,,,,,,,,,,,,,,,,,,,,,,22.08275,17.77813,18.1349,20.16169,18.41417,15.98404,15.07635,13.22813,11.99226,10.98888,11.74037,12.48658,10.986,10.66499,10.02986,11.23741,10.14209,8.74915,8.99063,9.36699,8.97743,8.32395,8.6444,9.90758,9.14766,9.10455,9.53628,9.85279,9.99265,10.97386,10.99725
yem,Yemen,,,,,,,,,,,,,,,,,,,,,,,,,,,,,,,27.39136,26.16144,27.46039,25.66215,27.57413,22.57692,18.15761,17.44056,21.1747,17.44471,14.46692,14.93853,14.31415,13.74497,12.41537,11.09324,10.70558,10.41929,10.19686,10.01907,9.87371,9.75264,16.99033,17.68498,17.67657,20.20594,25.09091,26.96107,28.74514,,,,,,
zaf,South Africa,9.04145,9.31715,8.95863,8.83529,7.64637,7.43439,7.70367,8.49482,7.13702,6.66667,5.7469,6.23507,6.15515,5.92211,7.17207,6.32524,5.5613,5.81997,5.58205,5.00188,5.30465,5.43192,4.70217,3.65363,3.95745,4.28584,4.12008,4.6263,4.76801,4.39916,3.77706,3.7435,3.14921,3.42257,3.75545,3.12159,3.41659,3.2659,3.03418,2.8464,2.61475,2.81245,2.95697,2.65398,2.41172,2.08512,2.05098,2.35591,2.57249,2.3995,2.10779,2.04389,1.97671,1.92685,2.12575,2.23398,2.41419,2.4938,2.2607,1.95032,2.57866,2.48808,2.70991,2.61681,2.92153
zmb,Zambia,11.46063,12.76159,12.34542,13.01928,11.98094,14.31398,13.44633,12.84461,11.38689,9.6657,10.65195,13.0409,12.87477,11.30911,10.64545,13.111,14.19878,16.39146,16.12832,14.93009,13.98355,15.62518,13.46202,14.19927,14.54472,13.08276,12.17138,10.88388,16.40171,19.14076,18.20258,15.81403,21.26755,30.47873,11.8265,14.08937,13.29824,13.98255,15.86841,18.18997,16.14977,15.52748,15.36143,15.6171,15.58094,14.58855,13.20627,12.1056,11.454,11.55278,9.42095,9.64806,9.32164,8.22652,6.7796,4.98084,6.22847,4.02427,3.34112,2.86077,2.97263,3.00092,3.09402,2.23012,1.79952
zwe,Zimbabwe,,,,,,18.76438,21.12672,21.85706,16.90325,19.53678,16.31204,18.49472,18.97019,15.92595,19.47164,18.59711,18.58866,17.48063,14.06929,13.08537,15.07753,16.60812,14.80852,9.92392,13.43657,20.72656,16.13588,13.12383,14.82531,13.39882,14.83205,13.54691,6.75157,13.73791,17.08008,13.46597,19.34262,16.69573,18.89032,15.48127,15.66706,15.62707,12.56837,14.79336,18.0638,17.14824,19.23012,21.19769,19.02107,10.74253,9.60991,8.66594,8.04456,7.14449,8.74529,8.28427,7.87396,7.24773,7.31938,9.81926,8.77286,8.8499,7.17055,4.10825,5.4447
