geo,name,1965,1966,1967,1968,1969,1970,1971,1972,1973,1974,1975,1976,1977,1978,1979,1980,1981,1982,1983,1984,1985,1986,1987,1988,1989,1990,1991,1992,1993,1994,1995,1996,1997,1998,1999,2000,2001,2002,2003,2004,2005,2006,2007,2008,2009,2010,2011,2012,2013,2014,2015,2016,2017,2018,2019
are,UAE,,,,,,,,,,,,,,,,,,,,,,,,,,,,,,,,,,,,,18486.91124,94282.02923,110920.0344,125708.8946,145428.0119,281613.8817,135568.9309,343235.8842,273880.0516,658024.0279,444878.9051,1382364.097,1769645.075,1973019.968,1714668.004,1840576.096,2128999.952,2407999.904,2460249.116
arg,Argentina,727003.4394,599468.5679,674152.8136,655119.1841,784365.3864,1007961.928,883709.5156,743877.4243,816553.9314,1016846.279,989762.826,1001082.211,946560.8579,1153843.03,1074950.559,958262.1573,908036.6867,917117.3689,832327.0756,617818.1427,911402.0254,1041216.681,1155603.802,1184208.942,1281407.519,1054697.621,928117.8943,1046273.765,693893.9047,607489.9685,637502.3885,667826.0247,526888.5545,708289.6245,849997.3727,645971.3863,529394.048,394350.578,480985.717,818557.1319,942531.7665,853294.8791,1234768.797,1506110.872,827251.8391,1158390.417,1256977.166,1175337.967,1284548.82,1366441.674,1359770.469,1048034.537,1076980.988,1178774.482,545804.1941
aus,Australia,17371262.06,18004203.69,18508168.53,19062291.01,19714340.31,19922136.24,19997372.7,20888267.89,21752890.04,22705885.16,23434365.15,24229721.98,25294974.68,25955383.59,27131699.63,27924668,28644788.38,28949316.9,28938568.84,30602130.51,31654246.68,32457963.12,33822967.42,35577290.53,37313700.2,38206983.85,38973679.18,39205359.7,39457342.12,40263447.02,41630839.78,43332616.8,45525222.13,47556606.48,50504673.98,50867032.82,50353558.8,51487063.15,52961669.29,55187454.62,54869210.61,56355319.34,55866584.26,58230505.4,56301756.23,52220809.69,50902153.91,47669651.76,45242977.45,44868400.45,46461796.36,46431338.01,44839562.91,44056305.29,42588850.43
aut,Austria,5082966.466,4855339.4,4595950.368,4537719.977,4465726.33,4802593.866,4405297.602,3994315.468,3969881.532,4189404.796,3640632.464,3874462.597,3250238.846,3301996.752,3584360.371,3683123.149,3770421.324,3586032.292,3839710.519,4375441.865,4369303.525,3895313.844,3864096.685,3700248.4,3716943.728,4096350.435,4296837.68,3343252.365,3005911.436,3048533.486,3468498.854,3483249.498,3694628.595,3252794.497,3230431.356,3652537.021,3773098.309,3833165.186,4088365.816,4004841.406,3992953.33,3989507.261,3857230.821,3810525.222,2871090.57,3375810.882,3466864.67,3220537.403,3275693.37,3000478.408,3242785.182,3007703.736,3117111.637,2856240.566,3005671.874
aze,Azerbaijan,,,,,,,,,,,,,,,,,,,,,92000.09554,92000.09554,92000.09554,92000.09554,92000.09554,88999.95223,67000.09554,12000.09554,2999.90446,3999.95223,2999.90446,2999.90446,2999.90446,,,,2999.90446,2000.09554,2999.90446,920.03439,3219.88153,3219.88153,4929.77931,3697.33448,3697.33448,5546.00172,4929.77931,3697.33448,3081.11207,1848.66724,3081.11207,1232.44483,1232.44483,1232.44483,1232.44483
bel,Belgium,19169144.93,17486757.91,17162274.29,17718329.99,17256263.97,16262639.01,13466633.94,12861860.85,10793449.41,11544921.66,8622439.094,8985706.984,9113952.661,9333109.057,10398565.49,10482760.58,10859205.84,10876226.23,9281180.138,10763416.69,10733163.28,9158165.186,9113769.944,9209673.02,9676227.19,10630415.11,10168618.99,9100622.91,8620690.026,9266179.899,8850335.101,8470135.903,7907329.942,7865589.949,6891804.958,7625421.085,7263494.077,6226691.029,6023137.957,5602263.065,5147527.945,5079685.918,4642023.025,4584356.071,2953148.944,3748967.947,3529575.093,3324389.032,3521136.906,3359559.09,3377488.058,3201740.948,3135724.897,3109522.069,3045772.666
bgd,Bangladesh,,,,,,,,93463.98204,121454.0938,107959.0618,124951.992,123452.9951,128950.9888,124951.992,92965.03296,124190.0736,127667.9087,154657.9727,87531.04997,35028.90035,48981.0834,73972.00726,116455.0492,119953.9027,124951.992,281391.9939,89966.08388,84468.09019,31488.00994,29489.10863,320877.0421,175932.9321,322876.8988,92964.07758,45981.89548,329873.8894,349866.0074,365359.9408,349366.103,349866.0074,717798.3185,1090616.7,890059.9503,936892.8537,1170664.708,745981.6566,1110536.687,916346.852,1268622.098,800756.1861,2667527.228,1973324.735,2138727.668,2444311.885,3447270.469
bgr,Bulgaria,5996000.048,6182999.904,6713999.952,7293999.952,7332999.904,8021000.048,7917000.096,8160000,8222999.904,8082999.904,8473999.952,7898999.952,7867000.096,8387999.904,8648999.952,9072000.096,9212000.096,9677999.904,9641000.048,9656000.048,10077999.9,10358999.95,10350000,9642000.096,9841000.048,8259493.886,7382777.061,7763461.116,8358537.069,7651856.071,7652806.917,7620229.053,8689180.042,8275892.089,6814554.075,6293522.977,7173548.056,6606176.077,7396245.104,7067614.885,6922608.914,7029214.914,7907956.912,7537817.904,6345089.09,6882800.946,8094958.919,6915560.094,5943730.056,6350100.076,6555160.982,5694299.943,6104930.974,5455472.915,4981252.269
blr,Belarus,,,,,,,,,,,,,,,,,,,,,2159276.058,2362157.017,2296692.94,2460562.96,2415500.382,2124694.994,2018328.079,1681013.901,1443684.914,1011500.908,951841.0242,1155165.043,1217294.115,1080293.303,1002274.768,994989.2519,714404.5572,673899.1593,634288.2392,621318.907,686143.833,614332.6646,694774.2906,647691.5544,617091.8124,645515.9071,775461.2114,791001.9585,839577.9593,832885.2584,740656.1097,813763.9725,841671.6824,884212.0474,943107.1463
bra,Brazil,1735000,1880000,1942999.904,1912000.096,2133999.952,2437213.624,2453348.381,2582623.483,2538139.39,2692371.501,3200795.118,3415855.068,4332419.27,4981514.522,5410890.895,5902387.026,5774536.161,6104196.284,6864730.104,8477326.598,10021327.98,10145529.28,10623799.8,10857079.39,10773127.93,9597660.504,11002884.06,10677559.23,11000539.08,11292489.25,11842633.04,12220046.1,12293315.66,12041291.44,12193275.77,12999268.18,12793465.65,12382664.8,12847698,13470067.59,12990937.47,12809456.15,13574524.7,13768904.18,11109816.09,14462393.95,15448813.41,15287739.32,16478374.41,17520754.04,17624910.67,15919721.51,16790319.58,16631679.8,15670128.02
can,Canada,15476000.05,15172000.1,15032000.1,16331000.05,15767000.1,16927999.9,16090000,15182999.9,15637000.1,15887999.9,15457000.1,18300000,23383999.95,19227999.9,18207000.1,22174668,22641205.69,23924739.66,25031408.24,27882320.63,26800563.68,24839471.67,26696856.79,28668840.16,28608627.11,27136978.12,26267937.33,26759171.68,23758359.61,25190813.99,26331350.91,26881413.01,28103754.66,30054576.29,28901189.45,30587751.98,31796431.64,31992333.05,31925695.04,29996918.89,30051160.79,29163896.05,30286447.88,29399039.84,23485382.63,24765572.75,22182526.03,21078771.38,20767676.27,19628894.14,19886749.31,18681210.23,18614240.95,15538700.44,13342708.27
che,Switzerland,1275437.088,1054504.634,889462.119,840737.5561,760485.3349,652526.9896,440670.6793,372838.4446,353969.6188,305245.0559,228814.369,214961.307,250788.1915,225709.3723,233352.441,341549.6322,505159.0714,446880.6726,390035.3492,501098.6911,503248.3042,433027.6106,402933.0276,343938.0911,355641.5401,355641.5401,302140.0592,209229.0054,175312.8881,177462.5012,190360.1796,142352.1544,109630.2666,91000.28662,94582.97506,137814.0824,144024.0757,132798.3185,136381.007,129454.476,144262.9216,155727.5246,174357.5045,156682.9082,147845.61,148323.3018,137097.5447,123483.3286,133037.1644,136142.1611,124438.7121,114407.1845,110107.9584,102464.8896,102464.8896
chl,Chile,1165000,1200000,1200000,1200000,1200000,1282999.904,1238999.952,1023999.952,1112000.096,1053999.952,842000.0955,850000,915000,892000.0955,987000.0955,1090000,1087999.904,725000,868999.9522,1172000.096,1172999.904,1113999.952,1147999.904,1600000,2162000.096,2604599.933,2139800.086,1850199.914,1866700.105,2201700.105,2373599.885,3289145.887,4281830.037,4028699.962,4157399.924,3212699.914,2520599.981,2540599.981,2429100.029,2813706.649,2757532.961,3442689.166,4086119.471,4369520.159,3994632.416,4490899.971,5759800.086,6715299.99,7548399.971,7614599.933,7313399.971,7417070.555,7711922.948,7442964.555,6795853.158
chn,China,114420000,122400000,108800000,107990000,130405000,165920000,191305000,202315000,204965000,202800000,228565000,234150000,257570000,282820000,292580000,304300878,302682289.1,320278405.9,342992650,373023769.9,407245440,425745824,461929650.1,496235908.1,519939966.1,527473520.1,553175217.1,578804562,616539700,657065114.9,665249401,696078203.9,682021708.7,676845804.7,696391464.8,706053844,742541251.1,814054818.2,970168407.4,1131150447,1324600665,1454718980,1584171362,1609279503,1685778269,1748948916,1903852565,1927793093,1969073011,1954484357,1913958685,1889093134,1893509342,1906725000,1950769000
col,Colombia,2013999.952,2013999.952,2210000,2012999.904,2148999.952,2242999.904,1744307.108,1812337.107,1845685.965,2231932.98,2268664.851,2218891.516,2274689.023,2299123.913,2319174.071,2432253.75,2478074.902,2580245.772,2843897.487,2960777.205,3053716.92,3015342.266,3791425.91,3024474.778,3504160.457,1597764.402,2009359.893,3360876.326,3523828.7,4033408.57,3609364.431,2798023.55,3313895.099,3151589.997,2516943.25,2703165.425,2661944.922,2189287.045,2426898.586,2123707.366,1338120.522,3811697.717,3356142.639,4440421.324,4084336.486,4807166.093,3892212.191,4691344.702,5046431.403,5345392.663,4968183.577,5464061.336,4164070.412,3775223.082,6155208.751
cyp,Cyprus,,,,,,,,,,,,,,,,,,,,,92999.90446,57000.09554,121000.0478,72999.90446,65000,61000.04777,45000,82999.90446,70000,96000.04777,107000.0955,100000,76000.04777,13999.95223,23999.95223,36000.04777,52999.90446,43999.95223,43999.95223,43999.95223,43999.95223,30176.74596,27404.93933,22415.44855,11882.10567,14653.9123,6892.61488,240.04013,240.04013,2217.4453,3326.4068,444.01452,2982.70756,13611.34996,16711.092
cze,Czech Republic,35326000.05,35222000.1,34062000.1,35258999.95,36647000.1,37100000,38652999.9,38102000.1,37282999.9,37145000,37937999.9,38677999.9,39513999.95,39667999.9,39680000,38451000.05,38295000,38592000.1,38375000,39097999.9,38248999.95,38076000.05,37632999.9,38073999.95,36607999.9,29745868.92,27249659.88,25444759,24753213.91,23427917.98,23450026.99,23397992.98,21984562.91,20378523.93,18567858.99,21213839.93,20819465.94,20432560.91,20767137.91,20798652.91,20094318.09,20806128.07,20766530.05,19694721.03,18192271.9,18777399.92,18485697.91,17725637.96,16896345.9,16374534.01,16325121.09,16440860.08,15591639.92,15494295.88,14429074.95
deu,Germany,160746047.8,150072177.8,144566159.4,146641360.9,150985423.7,149097000.1,142681000,139282999.9,139736000,140337000.1,127134000,134207999.9,128891000,130566000,138157999.9,141337999.9,143707000.1,140282000.1,145397000.1,150064000,149269000,141047000.1,140467000.1,138812999.9,141022999.9,131529736.3,115528398.8,104428029.5,98518848.76,95567634.95,90622473.97,90232319.19,87430632.94,85340698.39,82165233.35,85304886.55,85549100.51,85739365.15,87155625.78,84962167.77,81288670.82,84549550.01,86697052.88,80121086.03,71736236.98,77056940.86,78313939.05,80487890.51,82837369.83,79612639.72,78680639.15,76520636.29,71877018.25,69362854.69,55030094.58
dnk,Denmark,3698099.981,4191300.038,3588399.971,3215199.914,2936799.943,2348999.952,1437500,1468599.885,2250899.971,2126300.038,2051400.115,2850100.076,3278599.885,3612099.933,4307600.076,6147699.914,4913500.048,5927099.933,5660400.067,5966099.885,7271700.105,7355599.981,7220199.914,6755599.981,5552000.096,6090599.981,8260899.971,6880899.971,7217900.067,7761900.019,6488399.971,8918599.885,6630100.076,5634700.01,4733699.962,3971000.048,4197399.924,4202399.924,5733699.962,4395000,3708204.118,5626976.45,4652477.31,4097595.3,4031242.238,3832645.457,3238219.882,2473188.593,3236011.274,2626313.652,1728354.113,2094112.687,1566609.344,1595521.162,928112.4009
dza,Algeria,70000,67999.90446,52000.09554,55000,70000,82999.90446,22999.90446,20000,22999.90446,18999.95223,23999.95223,47000.09554,61000.04777,31000.04777,72000.09554,63999.95223,45000,835000,745000,826000.0478,862000.0955,885000,1057999.904,995000,841000.0478,658999.9522,680000,807999.9045,657999.9045,620000,620000,292000.0955,512000.0955,547999.9045,587000.0955,485000,560000,735000,606000.0478,722999.9045,593999.9522,882000.0955,757000.0955,757000.0955,486000.0478,310000,275000,292000.0955,157999.9045,178999.9522,132999.9045,48999.95223,182000.0955,500000,500000
ecu,Ecuador,,,,,,,,,,,,,,,,,,,,,,,,,,,,,,,,,,,,,,,,,,,,,,,,,,,,,,,
egy,Egypt,402999.9045,273999.9522,422000.0955,438999.9522,473999.9522,437000.0955,358613.0219,317341.884,276412.0569,482643.0687,576824.0661,564200.1051,643472.1028,616440.0019,683761.1063,550480.0802,709486.0036,733170.9181,695429.9226,705199.914,744594.9174,748660.0745,791985.0482,865750.9315,886048.0558,759106.9552,781311.0251,800356.1192,964085.9367,1037589.09,694259.1,954200.1051,807598.8822,794507.0221,722206.9361,869410.0506,764803.9075,820475.0645,850734.9288,869519.9198,850734.9288,851209.9933,773784.0355,696322.9674,618897.965,464009.9838,440787.9526,390525.9387,385824.9737,388999.9522,820676.6504,1248609.678,1207056.941,2152917.503,1985734.451
esp,Spain,9700000,8973999.952,9120000,9232000.096,9290000,9813999.952,9862999.904,10101000.05,9892999.904,9582000.096,10618999.95,10285000,11017000.1,9467999.904,10791000.05,12438999.95,15345000,17005000,17886000.05,18183999.95,17977999.9,18630000,18073999.95,15682000.1,19332000.1,19212000.1,19998999.95,20403999.95,18353999.95,18922000.1,18967000.1,16027000.1,18355000,17491000.05,19602999.9,20936000.05,19167999.9,21597999.9,20128999.95,21048999.95,20512999.9,17907999.9,20037000.1,13503999.95,9430000,6897000.096,12791000.05,15492000.1,11397000.1,11638999.95,13686411.82,10496140.01,13448820.1,11052416.88,5017101.844
est,Estonia,,,,,,,,,,,,,,,,,,,,,5805701.013,5876312.697,5927017.292,5653846.374,5853012.802,5571659.979,4984396.914,4355624.104,3200074.998,3233269.084,3150786.997,3275638.913,3244582.02,2941704.882,2677621.095,2828720.98,2789796.981,2720380.004,3145571.081,3225765.979,3092442.916,2930539.075,3532389.892,3362798.08,3052638.053,3908747.97,4169369.925,3901013.901,4189084.981,4226083.883,3822278.112,3861638.005,4257982.946,4762515.047,3366451.228
fin,Finland,1742030.907,1616899.064,1555622.91,1873484.045,2247467.995,2284393.809,2027467.278,2249164.039,2496297.889,2543875.991,2304815.133,3105760.963,3131627.974,4221338.492,4068190.503,4616341.836,2836987.676,3146723.034,3417956.435,3936610.299,4989323.588,4561932.741,5109797.459,5116079.106,5004848.572,5269776.44,5263255.947,4790508.264,5476258.718,6668649.088,5898968.186,7028972.007,6657614.407,5463361.039,5293684.914,5015238.368,6060977.357,6585650.139,8219475.494,7384303.048,4743670.584,7407901.022,6995103.659,5334790.293,5373148.944,6786328.461,5513112.64,4514330.754,4990661.125,4473320.913,3818142.734,4366843.413,4000716.538,4191100.602,3495103.659
fra,France,41370201.35,38333111.45,37836851.77,36385283.75,36423306.82,34666475.59,31765705.55,28255596.4,27948562.15,28289477.41,24801555.6,29160009.08,28084716.25,29302189.98,31822745.06,31157444.83,28400000,29040000,26280000,25130000,24390000,20160000,18350000,17920000,19510000,18990000,20210000,17820000,14560000,14320000,14660000,15620000,13680000,16270000,14570000,14166921.04,12397919.89,12778151.09,13583779.02,12931079.11,13429452.09,12409079.01,12846857.98,12072999.9,10750498.95,11510824.02,9768431.021,11066238.89,11564422.71,8636955.67,8383712.382,8157999.904,9270000,8382000.096,6441552.498
gbr,UK,117397000.1,111730000,104371000,104450000,101810000,96023999.95,85100000,74542000.1,80737999.9,71080000,71505000,72766000.05,73005000,71121000.05,76450000,71065000,70678999.95,65918999.95,66532000.1,47276000.05,62878999.95,67907999.9,69568999.95,67532000.1,65003999.95,64945000,65055000,61167999.9,53266000.05,49733999.95,47456000.05,44366000.05,39567999.9,38580499.9,34300700.06,36728099.98,38911900.02,35710100.08,38103900.11,36620078.34,37429276.3,40932318.72,38387547.05,35615104.85,29792588.61,30927805.01,31448980.37,38958045.29,36973110.01,29754280.12,23074180.04,11082840.12,9058040.031,7581709.898,6263634.04
grc,Greece,2107000.096,2102999.904,2010000,2270000,2197000.096,2527999.904,3726000.048,3980000,4681000.048,4930000,6456000.048,7628999.952,8113999.952,7215000,3961000.048,3961000.048,3921000.048,3981000.048,4882000.096,5212999.904,6045000,5768999.952,6586000.048,7392000.096,7947000.096,8059036.973,7753345.992,8090132.082,8086610.06,8103962.931,8076696.045,7857048.104,8461821.917,8852145.075,8514955.097,9023886.978,9327262.109,8973828.939,9022140.059,9248325.929,9122803.095,8401326.072,8857815.038,8337854.925,8427188.067,7868063.915,7897634.948,8139200.105,6987205.981,6715219.977,5626895.959,4358736.983,4796194.946,4572313.939,3311802.809
hrv,Croatia,,,,,,,,,,,,,,,,,,,,,,,,,,808549.0112,454609.9646,399598.0224,339609.0093,212569.9819,174760.9153,143094.0097,243260.0076,232575.953,206275.9148,431698.9109,480565.1094,584155.9186,649689.0226,689903.0286,683674.883,634678.0357,689048.9156,709102.8948,506722.0789,682701.1082,702721.8878,630198.9586,675155.011,646696.0447,605715.1046,650983.0897,392334.0021,365283.9878,431500.9076
hun,Hungary,10910000,10462999.9,9077000.096,8958999.952,9092999.904,9241000.048,8945000,8692999.904,8737999.904,8333999.952,7940000,8045000,8182999.904,8175000,8237999.904,8077999.904,8117000.096,8462999.904,7956000.048,7742000.096,7603999.952,7515000,7511000.048,7087000.096,6347999.904,6157282.889,5733737.938,5170676.889,4657750.072,4418490.016,4346237.938,4292061.957,4099889.892,3978654.103,4141932.024,3868706.888,3675801.089,3546593.102,3629448.027,3441429.015,3060498.949,3072135.999,3124207.032,3034731.06,2555230.009,2692066.017,2712595.061,2609929.063,2285204.93,2258906.086,2341022.022,2193164.947,2241712.047,2120829.989,1880215.439
idn,Indonesia,128999.9522,157999.9045,111000.0478,82999.90446,100000,87000.09554,100000,100000,67000.09554,72999.90446,92999.90446,92999.90446,100000,132999.9045,200000,252999.9045,270000,255000,255000,267000.0955,900000,1446000.048,2267000.096,2367999.904,3553999.952,3421145.744,3462276.679,4226216.92,4926632.512,4928359.845,5423686.109,6465082.402,7973248.065,8556483.95,11776784.18,13161600.03,16709525.17,17236097.02,23137295.07,21256732.35,24360845.04,28864329.56,36213651.24,31502548.96,33164917.84,39471524.79,46869666.81,53006437.14,57000721.55,45109908.04,51144550.25,53345471.24,57163015.67,67796762.44,81356114.69
ind,India,35546633.71,35461338.01,36052042.37,37302211.24,39625211.38,37558802.9,38080155.01,40213506.97,39677506.93,44785563.44,48143267.65,50131971.91,52480323.88,50787971.72,53954676.12,56712380.34,63812761.54,63104388.08,66986074.81,70362066.26,73722878.81,79212386.31,86984508.46,93341130.7,101456675,109718413.1,116756465.8,123667804.1,128084722.9,132182896,140293499.8,144323519.2,150982243,156005184.6,154541263.3,164384474.5,165754534.5,173126066,181325696.7,192908729.3,211187734.3,219297174.2,240031859.2,259270669,280831700.8,290381790.1,304629489.3,329987752.7,352781833.6,387544017.1,395272810,402610415.8,416953487.4,443242182.3,444730759.1
irl,Ireland,3126000.048,3561000.048,3792000.096,4631000.048,4408999.952,2150000,2052000.096,1910000,1862999.904,2008999.952,1701000.048,1748999.952,1832000.096,1732999.904,1987999.904,1883999.952,1972000.096,2086000.048,2262999.904,2168999.952,2492000.096,2738999.952,3518999.952,3582999.904,3590000,3461868.253,3320893.522,3163096.637,3073623.053,2940981.179,2961118.993,2977244.913,2836514.283,2855367.345,2456508.073,2615584.934,2739571.988,2633708.083,2549500.096,2381983.615,2647000.096,2387999.904,2332000.096,2282000.096,1995000,1986000.048,1948999.952,2261000.048,2046000.048,2011000.048,2193069.647,2107000.096,1794022.404,1410580.396,959050.8264
irn,Iran,211000.0478,232000.0955,256000.0478,282000.0955,311000.0478,342999.9045,241652.0971,377564.9661,634844.989,695283.0324,1288003.009,1273003.009,1287821.009,786901.9299,1135840.976,1196172.972,998881.9624,1347263.065,1271151.954,982760.1032,966867.0584,952278.1122,936729.9608,966638.0052,710160.0267,710332.9512,1013929.015,892992.9779,1097721.888,1102135.999,1032243.957,1079822.06,1106793.016,1288836.104,1226558.947,1303495.987,1277901.978,1210796.073,1311879.956,1373277.921,1556557.992,1502473.966,1566241.999,1172822.92,1357612.974,1285740.9,1427285.994,1123617.082,1434732.97,1634655.107,1560749.021,1512549.919,1646000.048,1323984.188,1235527.611
irq,Iraq,,,,,,,,,,,,,,,,,,,,,,,,,,,,,,,,,,,,,,,,,,,,,,,,,,,,,,,
isl,Iceland,6536.7345,4813.22251,3699.24525,2921.56301,2059.80701,1376.70775,945.82975,683.09926,430.878,346.80424,232.6359,236.69628,215.67784,182.47827,15763.59033,21017.96121,35730.6296,33324.73488,47630.64871,65829.03411,70380.72036,79276.29693,63231.58498,63761.34518,68116.22241,64974.68233,67027.32397,52800.70698,54541.65472,53885.54505,63384.92405,62786.61508,65121.81141,58461.11589,68374.17598,94554.79125,102576.6695,102178.2746,100315.2766,105092.1945,100315.2766,102703.7355,109869.1125,95538.35865,88372.98175,93149.89968,93149.89968,95299.51275,109630.2666,89806.05713,99359.893,115601.414,114646.0304,114646.0304,114646.0304
isr,Israel,,,,,,,,,,,,,,,,1000.04777,1000.04777,555000,1046000.048,1692999.904,1847000.096,2051000.048,2183999.952,2092999.904,2261000.048,2370182.956,2566505.923,3158843.986,3568922.088,3782654.056,4128891.994,5005451.896,5443008.981,5842958.106,5738703.067,6254907.089,7220016.003,7632028.041,7909546.909,7985690.981,7939558.135,7849279.641,8027483.758,7899380.434,7735660.887,7731707.987,7932239.18,8810744.722,7088699.962,6587466.084,6451176.555,5513411.197,5003683.243,4710349.193,5001943.011
ita,Italy,8626000.048,8972000.096,9832000.096,9522000.096,9773999.952,9870000,9535000,8872999.904,9002999.904,9803999.952,9830000,9747000.096,9585000,9750000,10700000,12553999.95,12866000.05,14385000,13463999.95,15270000,15076000.05,14818999.95,14710000,13787999.9,14386000.05,14639643.88,13905776.97,12197841.07,10668060.09,11264191.03,12115835.01,11148538.98,11311354.97,11742232.97,11726511.89,12517639.01,13301505.92,13729860.04,14815051.11,16596107.05,16468918.98,16673365.1,16324018.1,15795434.94,12366590,13673904.89,15328458.97,15712236.08,13534232.11,13194102.89,12329790.05,10983003.01,9622005.111,8822626.111,7116393.905
jpn,Japan,48712200.01,51915119.9,57024480.03,58680569.89,62681230.06,60387380.1,54829410.05,53578800.04,56648449.89,60046920.08,56170530,54926099.89,51819149.95,46924539.98,50113009.94,58216719.93,65268270.04,62248270.04,61357039.98,68613970.1,71610189.88,68192230.1,69589550.01,75216840.07,75336550.11,78047269.99,77427409.96,76118200.06,77627300.09,81283379.91,84252409.96,86464529.95,88817370.07,84670630.08,89077999.9,95494700.01,97777699.91,103861400.1,106729100,109553100,114809440.1,112867950.5,118481509.5,121689038.2,102100603.6,116343948.6,110329219.5,116482970.5,121151586.7,119110233.8,120167492.4,119938935.9,121706786.3,119221955.7,117159098.8
kaz,Kazakhstan,,,,,,,,,,,,,,,,,,,,,38133999.95,40066000.05,41630000,43423999.95,41446000.05,38719455.67,37796606.48,38075678.08,34576632.99,33823939.76,27316458.39,24397497.61,20944604.71,20623776.63,19095760.49,17838697.81,22299899.92,22592500,24945199.91,26590899.97,26884899.92,28337399.92,31138800.04,33787670.06,30936639.92,33383979.89,36340499.9,37856000.05,37478999.95,37035000,34238999.95,33892836.77,36364194.85,40718075.38,39933073.47
kor,South Korea,4952000.096,5607000.096,5348999.952,5050000,5273999.952,5628999.952,5688999.952,5831000.048,7373999.952,7605000,8035000,8957000.096,9777999.904,9893999.952,11842999.9,13198999.95,15244200.11,15450599.98,16491099.89,19867000.1,22022099.93,23330000,23638900.11,25162300.09,24492500,24124200.11,24206199.96,23570199.91,25839899.92,26532500,27495400.07,32100000,34927399.92,36050599.98,38157099.93,42924599.93,45724200.11,49130700.06,51124400.02,53198399.97,54795499.9,56652399.92,59652999.9,66099800.09,68595000,77141799.94,83687399.92,80636400.11,81543999.95,84398699.96,85401199.96,81499299.94,86176700.11,86650799.89,82075000
kwt,Kuwait,,,,,,,,,,,,,,,,,,,,,,,,,,,,,,,,,,,,24.83997,64.96608,282.077,93.62759,84.79029,,2334.24095,397.20073,671.87351,,3844.22471,13539.2185,,273974.8734,217794.2581,180540.0306,222592.4334,170074.7588,191522.4037,181403.4585
lka,Sri Lanka,,,,,,,,,,,,440.90953,2520.06306,2620.85602,1701.06048,2293.15945,1272.57094,17803.81198,17891.94612,34775.96255,21042.08465,7874.98806,7371.02322,3779.97516,440.90953,,567.02016,567.02016,384.30305,346.5654,1001.71969,207.79593,,195.37594,,340.11656,88.13414,10880.14713,59749.21181,15718.44846,58426.24439,43822.72858,42751.74358,57638.76947,58665.56798,59931.92892,299098.8344,455994.0766,479694.5161,920656.8262,1238951.705,1311609.583,1358657.925,1365209.946,1505700.057
ltu,Lithuania,,,,,,,,,,,,,,,,,,,,,813216.06,946451.9442,931668.0997,939216.5855,877532.0053,797200.0095,890400.0669,417300.086,370000,307200.0096,245400.0669,225499.9045,182300.086,158999.9522,135700.0573,92300.08598,83800.03822,135100.0764,174500.0955,168699.9618,184800.086,251000.0478,249500.0955,211700.1051,168299.8949,207000.0955,239700.0095,233699.9618,268900.1147,227500,182399.9236,184800.086,198099.9809,211400.1147,203793.8282
lux,Luxembourg,2727099.933,2462399.924,2307300.086,2473099.981,2627300.086,2693900.115,2482600.076,2443299.895,2421000.048,2581000.048,1962600.076,1817600.076,1566600.029,1656300.038,1839299.943,1824599.933,1467500,1351400.115,1240100.076,1411799.943,1401300.038,1245299.99,897200.0095,914899.9236,1133399.971,1100400.067,1046700.105,986000.0478,1018800.038,878500.0478,494100.0287,465599.9809,295400.0669,98299.89491,99400.01911,109700.0096,118399.9713,73699.96178,56600.02866,79500.09554,77600.07643,92600.07643,78399.97134,74899.92357,66900.01911,67000.09554,58399.97134,53699.96178,47900.06688,53392.08942,49136.09439,52383.92089,45331.04041,42130.98309,55867.24945
lva,Latvia,,,,,,,,,,,,,,,,,,,,,726000.0478,916140.0115,838859.9885,841980.0325,687600.0764,708500.0478,621000.0478,546300.0382,499299.9427,375599.9809,267200.0096,250499.9045,223800.0382,165100.0764,127600.0764,131600.0287,122799.9904,98999.95223,88800.03822,67200.00955,80899.97134,86700.10509,107200.0096,106199.9618,85700.05732,109400.0191,111000.0478,88699.96178,74899.92357,59720.07261,46240.0879,41000.04777,40000,47999.90446,72999.90446
mar,Morocco,181742.6197,278661.5076,277486.3858,249369.4468,249197.4778,285726.5692,298939.5242,369461.1637,366050.4443,362525.0788,412052.1639,447076.5262,422198.3376,425609.057,415147.6068,397936.3714,422771.5678,470994.5543,583433.6486,501074.8065,662000.0955,898999.9522,1042999.904,1028999.952,1136000.048,1096000.048,1193999.952,1107000.096,1208999.952,1347999.904,1632999.904,2090000,1991000.048,2375000,2271000.048,2685000,3412999.904,3393999.952,3272600.076,3620000,3796000.048,3860000,3232680.09,3664320.006,2705930.782,2787221.506,2977291.726,3024120.092,3001020.111,4037220.073,4445100.076,4283399.971,4452377.233,5149819.671,6665049.68
mex,Mexico,689786.9495,735764.7846,902789.7201,946379.0962,959324.5438,1075881.341,1350697.43,1492834.623,1600386.93,1768056.75,2030811.121,1558469.475,2241616.509,2337178.752,2296049.489,2324854.304,2054934.556,2460972.58,2801734.021,2809711.474,3045715.105,3358340.499,3247874.272,3073994.459,3402694.182,3374128.212,3263542.562,3300300.946,3722484.953,4498566.925,5009338.875,5743742.238,5749283.462,5876851.056,5980008.598,6550898.061,7194633.133,12046930.35,8883780.931,9090258.192,11472874.03,12312836.3,11314165.95,10107076.53,10296341.36,12735920.51,14731473.68,12834566.73,12745194.42,12720451.42,12695653.72,12436226.23,15198004.2,13546471.53,12121816.66
mkd,North Macedonia,,,,,,,,,,,,,,,,,,,,,,,,,,1329902.073,1335648.944,1327815.038,1334410.051,1386133.085,1429688.067,1383286.042,1293795.022,1672851.103,1458890.083,1336628.929,1477901.022,1284830.897,1479402.885,1405860.084,1458816.996,1417616.079,1454659.883,1490788.908,1337061.957,1294691.889,1478639.056,1391826.932,1164261.966,1077281.934,971326.0724,876033.9639,957514.3307,865102.9426,1055772.428
mys,Malaysia,15000,20000,12000.09554,12000.09554,15000,16000.04777,41000.04777,103999.9522,98999.95223,98999.95223,8999.95223,10000,11000.04777,23999.95223,33999.95223,50000,92999.90446,85000,221000.0478,238999.9522,318999.9522,237000.0955,327000.0955,260000,1197000.096,1325113.213,1560955.384,1638903.22,1370083.118,1521981.466,1667883.825,1675878.475,1620915.257,1729842.362,1938702.589,2484337.441,2969013.089,3639564.345,5312444.827,6627564.727,6884392.854,7293119.327,8841083.405,9775458.106,10615895.67,14767117.61,14762120.95,15871378.62,15056923.66,15346729.72,17394359.42,18731464.6,20757109.01,22148119.57,21440550.54
nld,Netherlands,8861182.765,8072991.306,7762491.64,7356453.616,6257762.492,4585841.215,3463265.501,2961689.118,3009458.298,2866150.76,2412343.556,3009458.298,3152765.835,3606573.039,3439380.911,3988726.474,4418649.088,5111302.188,5278494.315,6377185.44,6353300.85,6544377.568,6902646.413,8264068.023,8192414.254,8741759.817,8049106.716,8025222.127,8096875.896,8622336.868,8908951.944,8598452.279,8359606.382,8526798.51,7475876.564,7762491.64,8264068.023,8311837.203,8598452.279,8479029.33,8096875.896,7714722.461,8407375.561,7953568.358,7499761.154,7547530.333,7444826.598,8180471.959,8185248.877,9054647.941,11013184.29,10205885.16,9147797.841,8211521.926,6365243.145
nor,Norway,763320.9134,702810.022,737851.1035,751050.9219,836751.9346,854723.8941,803785.9463,872724.9928,938204.1177,1040164.087,989004.0126,954243.0974,821623.9132,846766.0266,1054486.004,976106.0953,977847.9985,940467.8991,1001907.901,1123507.93,1118928.06,997189.0226,963387.0737,988991.1149,866493.9811,811480.8446,722211.2353,725567.259,784632.8939,884641.4923,965856.7402,960487.2456,953104.0413,1034319.289,969212.7639,992704.6909,884641.4923,767181.6184,749059.186,845711.9996,722211.2353,619517.5313,681268.0329,702075.0931,558899.3981,761918.4102,845514.4741,819241.4254,776249.164,850291.392,762057.8962,782478.9816,818002.0541,798842.0751,803784.9909
nzl,New Zealand,1645000,1600000,1461000.048,1375000,1410000,1411000.048,1255000,1286000.048,1457000.096,1499962.262,1411575.189,1454573.899,1385311.455,1277826.025,1139294.449,1171816.423,1167493.312,1144500.573,1268164.23,1179463.791,1089082.593,1251664.278,1044700.487,1132068.883,1232525.795,1197616.318,1141921.276,1257417.598,1238718.353,1170911.914,1174153.291,1157158.689,1249213.242,1139047.721,1166924.62,1105754.992,1369439.19,1368754.896,1975445.448,2041157.208,2272353.587,2237445.065,1695701.252,2104248.352,1618138.435,1381941.817,1398938.808,1743080.634,1537188.784,1419594.44,1433660.791,1186254.18,1249902.551,1297359.32,1481943.011
omn,Oman,,,,,,,,,,,,,,,,,,,,,,,,,,,,,,11.94229,6.44884,4.06038,33.43843,48.00803,5.7323,249.59396,140.91908,335.81733,,798.22299,313.84351,3076.57399,701.96809,1199.48409,1400.35349,29630.74424,10178.17904,30880.38597,44922.13624,35745.91574,49199.38855,55080.01338,75966.84819,74494.36324,164381.3891
pak,Pakistan,1378999.952,1163999.952,1117999.904,1231000.048,1107999.904,922999.9045,731000.0478,586000.0478,582000.0955,532999.9045,517000.0955,512000.0955,557000.0955,592999.9045,661000.0478,703999.9522,798999.9522,906000.0478,1027999.904,1166000.048,1322999.904,1501000.048,1703999.952,1782000.096,1952000.096,2068999.952,2047999.904,2102999.904,2207999.904,2192000.096,2210000,2240000,2093999.952,2096000.048,2097000.096,2027999.904,2105000,2360000,2997885.975,3348841.12,3723690.169,3968437.709,5431235.311,5989503.439,4925797.984,4628610.395,3989688.306,4045450.225,3205056.606,4728538.502,4651715.152,5341225.041,7146798.271,11825638.2,13149913.3
per,Peru,36088.18191,45520.44521,51261.82287,50851.72447,85709.61116,86939.90637,121930.8302,131914.5887,150878.9529,160886.596,167884.7807,129908.2832,148896.532,126922.7095,134900.1624,141922.2318,143904.6527,162892.9015,137909.6207,109940.7662,119924.5247,162892.9015,183887.4558,180877.9975,200869.3991,144883.9209,280811.1207,274816.0887,288812.4582,355760.963,373746.059,391731.1551,407733.8301,447000.0955,405393.1404,629741.0911,571391.0385,782459.1573,839686.6342,907948.7914,921467.4692,784011.6557,1035158.116,923019.9675,829225.1839,813222.5088,817856.1192,872910.0984,880362.0904,869399.0637,810332.4735,979363.7145,869982.0866,771014.1397,520042.0369
phl,Philippines,44326.93226,41993.88555,32661.93752,14931.21238,19597.30582,19597.30582,19130.60094,18663.89605,18663.89605,26129.50225,49459.49174,58791.67861,145112.4964,132981.0356,116183.4814,139979.9369,242632.0818,270627.9259,492729.5309,789487.1979,1116573.756,879540.9382,935533.104,1184697.382,936466.275,1069447.311,1201028.47,1196829.082,1215959.683,1171632.512,1413331.423,1968118.85,2441717.78,2465514.474,2891520.254,4012293.398,4097214.579,3570423.235,3716002.436,4039356.31,4588393.284,5020000,5400000,6350000,6060000,7020000,7727318.716,8085605.952,10003974.4,10643600.84,11616560.62,13088196.71,15476997.95,16351619.38,17423686.11
pol,Poland,59481000.05,60277999.9,61368999.95,64322000.1,67577000.1,70180000,71837000.1,75147000.1,75456000.05,77582999.9,83701000.05,87516000.05,90620000,94838999.95,95982999.9,101644000,90630000,93815000,93587999.9,97586000.05,99855000,102407999.9,106100000,103179000,98591000.05,78440499.9,77691900.02,75111000.05,74246499.95,69147600.08,70323599.89,71982300.09,70245499.9,63295400.07,60725100.08,56243699.96,55581099.89,54528900.11,56138900.11,54489228.05,55118061.53,57401882.11,55947549.44,55217755.8,51837895.29,55075069.27,54962835.58,51229339.83,53381102.51,49445280.41,48671300.28,49498662.46,49774648.9,49794688.07,45629767.36
prt,Portugal,592000.0955,603999.9522,601000.0478,541000.0478,510000,467000.0955,432000.0955,382000.0955,565000,438999.9522,412000.0955,400000,362999.9045,427999.9045,447000.0955,350000,397000.0955,366000.0478,400000,495000,768999.9522,1450000,1887999.904,2177000.096,2428999.952,2847999.904,2983999.952,3021000.048,3290000,3427000.096,4202000.096,3920000,3566000.048,3565000,3702132.655,3712241.091,3174463.074,3499902.073,3350633.897,3314971.1,3335867.011,3303066.065,2875080.969,2516021.066,2856117.082,1647627.066,2220856.979,2910695.042,2649648.897,2679056.081,3260021.018,2846000.048,3247000.096,2722999.904,1377000.096
qat,Qatar,,,,,,,,,,,,,,,,,,,,,,,,,,,,,,,,,,,,,,,,,,,,,,,,,,,,,,,
rou,Romania,4359626.206,4695230.486,5202939.238,5704193.895,6591608.627,7161705.36,7563999.952,7917999.904,8916000.048,9377000.096,9721000.048,9866000.048,9990000,11217999.9,12082000.1,12363999.95,12996000.05,12417999.9,14347000.1,14322000.1,14922000.1,15112999.9,16182000.1,17522999.9,17502999.9,12558714.05,10482463.93,10320857.93,10208244.96,10222978.89,10565278.97,10557831.04,9594133.945,8085487.962,7028832.044,7354805.102,7606076.956,8191777.969,9167451.992,9014778.112,8596918.888,9738098.07,9820180.09,9448603.946,7533243.05,7041684.102,8208516.05,7567098.978,5877519.108,5811502.102,6026618.897,5363625.92,5374899.924,5126532.913,4575477.931
rus,Russia,,,,,,,,,,,,,,,,,,,,,198098453,203479017.6,206583335,203534127.3,196807159.9,182305538.8,167060278.3,156982506.2,141691294.3,123923057.2,119376239.6,117165692.4,108035100.6,101156552.5,101977010.1,105765841.7,103173518.9,103606144.5,104248796.5,99892685.11,94574603.28,97021726.14,93916038.98,100718314.2,92153824.64,90543222.03,94017000.1,98425599.98,90517000.1,87551799.94,92120000,89250000,83930000,86660000,86672976.26
sau,Saudi Arabia,,,,,,,,,,,,,,,,,,,,,,,,,,,,,,,,,,,,,7890.51304,12399.20703,15780.78724,14089.99713,27972.67603,19822.29865,55475.06449,64180.51973,23514.61737,67586.46221,64149.46976,73815.32435,95956.33897,165873.2206,132446.0208,88485.23932,117914.8753,102268.3195,102268.3195
sgp,Singapore,3999.95223,5000,2999.90446,6000.04777,2999.90446,2999.90446,3970.09649,2994.8887,4341.97955,5316.9485,1275.91478,3367.96599,4341.97955,4609.00927,674.02312,2977.93064,4609.00927,1631.07863,3261.91841,4999.04462,11344.94124,7018.96436,11734.02121,13754.89634,12408.04433,21447.88383,12692.0321,18469.95319,20490.11178,24532.10089,11450.03344,283.98777,,,,,,6734.97659,8756.09057,6915.0664,8399.97134,5000,8099.98089,4899.92357,3999.95223,7799.99045,6400.11465,24899.92357,263500.0478,388500.0478,406400.1147,426000.0478,898200.0573,477399.9236,624531.6232
svk,Slovak Republic,6038740.804,6114680.185,5896224.324,6201022.26,6522464.173,6575517.818,6897999.904,7021000.048,6827000.096,6803999.952,6775000,6715000,6897000.096,7232000.096,7112999.904,8096000.048,7878999.952,8020000,8031000.048,8542999.904,8475000,7827999.904,8222999.904,8570000,8266000.048,7831134.996,6959213.958,6200249.116,6121147.893,5459550.97,5443785.946,5355466.944,5029348.906,4579994.029,4554989.968,4278071.081,4422835.101,4284075.905,4642356.931,4553473.058,4221312.936,4402294.115,3944973.01,3934239.992,3830074.998,3850996.943,3650769.084,3442955.001,3422282.889,3361097.019,3240133.993,3198029.999,3341826.932,3316804.958,2727467.756
svn,Slovenia,,,,,,,,,,,,,,,,,,,,,,,,,,1573599.885,1436700.105,1496600.029,1426499.952,1328699.962,1378299.895,1272000.096,1410299.99,1428200.057,1306499.952,1357504.06,1439240.948,1567794.975,1487646.89,1512485.908,1517696.092,1547583.118,1573135.091,1515656.11,1407236.075,1435701.013,1455469.093,1381953.998,1334885.115,1053574.09,1064715.057,1138050.062,1134523.98,1103372.982,1028463.027
swe,Sweden,2229325.021,2127292.921,2111503.057,1844738.941,1801297.889,1902849.909,1715336.056,1473742.954,1628994.936,1799657.973,1941120.904,1863399.971,1479102.895,1517286.949,1792487.102,1708424.095,1469069.934,1634532.101,2048404.987,2471788,2909834.957,3102243.957,3063074.902,3007017.054,2835154.056,2962778.972,2892219.117,2693110.012,2741993.886,2782842.983,2782819.098,3081889.032,2633360.084,2651189.93,2534239.037,2565600.936,2780218.066,2985588.994,2927194.994,3011589.997,2752805.006,3039539.983,2832142.925,2832953.091,1997201.92,2754147.081,2459270.087,2109080.921,2152836.056,2019382.106,2017912.965,1980102.943,1975060.906,1980433.983,2023290.341
tha,Thailand,45000,65000,116000.0478,127999.9045,136000.0478,145000,114250.0239,89801.99675,96146.938,144175.0263,137809.0666,159844.989,153741.9987,197994.8887,416327.9832,450167.9087,500744.9604,652752.9378,626744.0527,789186.0132,1585126.111,1555210.662,2245428.012,2313520.111,2817823.875,3899485.765,4567005.589,4887929.445,5444465.941,6295496.322,7181709.181,8737988.918,9011509.267,7229985.669,7686712.286,7884427.964,8777097.545,9367317.522,9567686.3,10719938.62,11587457.72,12366161.75,13897526.03,14987905.32,15038266.22,15432909.62,15693798.84,16471340.88,16211115.65,17873638.34,17547182.81,17887384.88,17958444.64,19146154.34,17053383.97
tkm,Turkmenistan,,,,,,,,,,,,,,,,,,,,,322000.0955,322000.0955,322000.0955,276000.0478,322000.0955,367999.9045,322000.0955,137999.9045,,5000,5000,46000.04777,,,,,,,,,,,,,,,,,,,,,,,
tto,Trinidad and Tobago,,,,,,,,,,,,,,,,,,,,,,,,,,,,,,,,,,,,,,,,,,,,,,,,,,,,,,,
tur,Turkey,3670000,4083999.952,3620000,3935000,4180000,4630000,4760000,5107999.904,5221000.048,5693999.952,5912999.904,6202999.904,6391000.048,6483999.952,6645000,7033999.952,7180000,8062999.904,8872000.096,9968999.952,11932999.9,13132000.1,13863999.95,13403999.95,15105000,16037999.9,17132999.9,17071000.05,15796000.05,15842999.9,16537999.9,18602999.9,20782000.1,21562000.1,20033999.95,22461000.05,18452999.9,19272999.9,20816000.05,22086000.05,22157000.1,26167999.9,29463999.95,29596000.05,30897999.9,31437999.9,33878800.04,36495000,31564199.87,36126000.05,34739989.01,38457452.95,39459314.27,40861586.41,40519323.35
ukr,Ukraine,,,,,,,,,,,,,,,,,,,,,84945161.7,84332208.13,83566016.05,78815625.06,71868817,83055221.41,73722357.41,72568633.32,64634029.33,51585844.08,50999551.93,38375336.77,37440100.32,38369215.63,37952085.36,38545261.3,37528057.47,37764225.18,38809867.68,36874470.72,37297074.38,40102212.91,42657000.1,41797999.9,35870000,38251000.05,41490000,42717999.9,41427000.1,35576000.05,27343999.95,32450000,25757000.1,27586508.55,26350152.14
usa,USA,277235092,290700445.2,285210377.4,295191441.9,296409081.6,293607861.4,277661288.8,289116529.6,310532247.1,303144200.1,303141997.7,325197093.7,333289539.5,329542322.3,360041632.5,369215836.7,380819766.6,366792479.2,380506540.8,408663816.5,418426527.9,413207145.1,431115065,451173120,456522423.1,458985161.2,454652932.1,457784255.3,474845455.7,476624526.8,480916034.7,502777363.9,513394503.4,518429790.8,517634996.2,540544807.7,524618751.1,524372676,534354027.9,537831661.2,545740059.5,537375971.1,544613054.8,535946226.5,471399518.2,498756804.2,470599433,416027924,431837609.9,430856062.6,372233686.3,340562436.9,331263339.8,317236339.7,270866608.6
uzb,Uzbekistan,,,,,,,,,,,,,,,,,,,,,1487987.246,1684513.949,1403761.584,1544137.766,1740664.469,1824890.131,1669914.971,1313920.894,1068824.162,1079492.691,891980.5102,833333.0945,827908.9042,830191.0767,829903.984,709327.6488,770360.8962,783067.259,547278.5898,764982.5643,849800.8025,879366.5807,922580.4911,1013957.199,1029480.51,1022612.496,1091937.04,1163100.459,1623537.547,1545348.476,1394068.74,1304293.494,1538070.125,2031326.789,1736315.324
ven,Venezuela,20000,21000.04777,22000.09554,22999.90446,23999.95223,23999.95223,142683.9113,150321.0089,272413.0601,204018.1045,251905.0349,165228.0978,256043.04,78880.05159,164433.9352,156618.8975,154731.0595,88313.03143,123577.9115,135198.0033,179010.9391,199057.9918,261489.9207,190079.058,521916.9772,462785.8985,,3650.04299,28469.95319,55481.03564,5110.10796,16059.99809,34309.9742,35770.03917,36499.95223,132131.9385,48911.10156,18249.97612,43071.08054,,37230.10414,247473.0104,138700.9172,140892.0894,237253.0333,199292.0608,205132.0818,210972.1028,210241.9509,197102.0827,136511.8945,123371.071,127000.0955,115000,75495.84408
vnm,Vietnam,897510.5092,942763.2082,1033268.845,1146400.115,1221820.961,1304784.322,1432999.904,1077999.904,1552000.096,1853999.952,2577000.096,2432999.904,2667000.096,2577999.904,2666000.048,2273999.952,2532000.096,2800000,2817999.904,2821000.048,2803999.952,3090000,3445000,3227000.096,2592000.096,2222999.904,2147000.096,2152999.904,2083999.952,2301000.048,3096647.081,3459014.761,4443624.009,4766226.474,3567668.864,4689262.683,5124609.248,5852019.442,6813173.068,8928972.007,9349981.131,5727872.838,6270024.123,11888346.71,11154986.39,14553513.18,17343967.95,16098196.24,17194372.31,20775315.04,26235888.75,28390315.04,28400100.08,37965516.38,49440211.14
zaf,South Africa,24657000.1,24345000,25047999.9,26218999.95,26477000.1,27352000.1,29249811.79,29456977.64,31378350.53,32870604.76,35082548.01,36834775.96,38159252.41,37061998.18,39531107.53,42711269.23,50632849.91,55510507.55,56380161.7,60751215.49,62388109.53,63255860.32,64365698.15,69641209.04,64993872.89,67317083.21,66100847.9,66352913.92,66614739.42,68755805.87,71342505.49,72442590.04,74040135.43,71816687.45,75038638.82,74631588.09,74898438.66,71246613.17,79188839.93,86767570.7,79988309.21,81472735.5,83661002.68,93336417.79,93823692.8,92823404.75,90512135.28,88339114.84,88358740.09,89485782.94,83962837.73,90288396.15,88817265.93,89817912.73,91091140.97
