geo,name,1961,1962,1963,1964,1965,1966,1967,1968,1969,1970,1971,1972,1973,1974,1975,1976,1977,1978,1979,1980,1981,1982,1983,1984,1985,1986,1987,1988,1989,1990,1991,1992,1993,1994,1995,1996,1997,1998,1999,2000,2001,2002,2003,2004,2005,2006,2007,2008,2009,2010,2011,2012,2013,2014,2015,2016,2017,2018,2019,2020,2021,2022,2023,2024
afg,Afghanistan,,,,,,,,,,,,,,,,,,,,,,,,,,,,,,,,,,,,,,,,,-11.77454,6.12552,11.65524,11.27143,10.91277,7.19975,22.52776,2.09629,-2.1634,3.81463,16.59335,7.30176,4.82279,0.56694,2.44756,-2.19753,2.40366,2.07135,6.52148,6.96295,2.839,9.40624,2.92366,
ago,Angola,,,,,,,,,,,,,,,,,,,,,-2.10031,,0.01276,0.00119,19.03521,-9.01306,9.82331,2.21377,16.27966,14.00744,106.30998,476.51575,917.78347,2175.97896,1825.49515,4800.53164,95.45302,39.35935,557.50111,418.01899,106.35213,196.9841,93.92657,33.44359,42.37425,17.11567,4.30843,19.36577,-16.76214,32.27047,31.77146,7.25575,2.83972,3.56088,-3.51839,21.77424,22.61451,28.16709,19.187,10.76311,38.82372,13.71059,17.60014,25.23921
alb,Albania,,,,,,,,,,,,,,,,,,,,,-2.13957,-0.01772,-0.01676,-0.02836,0.35122,-2.4173,-0.00031,-0.00058,0.00368,-0.43137,35.51425,232.98466,125.65081,35.84248,33.51708,16.93441,12.75594,7.85515,2.78508,5.91957,3.76595,3.90388,4.93749,3.09537,3.14371,2.68477,5.14957,3.49864,2.57034,4.12744,1.69479,0.22674,0.35256,1.44342,0.77158,-0.86427,2.72507,1.45329,1.00063,0.04104,3.44439,9.86158,6.06605,2.68887
and,Andorra,,,,,,,,,,,7.84587,8.51808,11.84943,15.9452,16.7818,16.48986,23.38309,20.63104,16.93169,13.35481,12.35117,13.58235,11.88424,10.86473,8.59546,10.87882,5.9442,5.93612,6.89621,7.32624,6.93515,6.71077,4.53723,3.87986,4.93312,0.79718,2.22816,1.49955,2.73198,28.74155,3.08054,3.23953,3.17748,3.04242,3.3961,3.45718,3.21123,2.27434,0.13214,0.37431,0.19676,0.17456,0.44849,-0.08402,0.66059,0.3478,1.13651,1.01248,1.37475,1.11379,2.55886,4.23665,6.2956,3.14366
are,UAE,,,,,,,,,,,,,54.25283,138.26349,19.00092,11.77433,5.25576,-3.66111,7.05102,9.51598,7.05448,1.31287,-3.61802,-6.09747,0.74053,-1.69849,3.68558,2.38105,1.75128,3.3359,0.81085,1.80683,1.27804,-0.26247,3.90748,5.77304,-0.9523,-4.25445,8.44338,11.45954,-2.34931,3.77084,4.07241,8.50142,16.52631,11.96215,12.53396,18.53335,-15.18298,16.52789,13.16722,4.67973,-0.94933,-0.66805,-16.26701,-5.52948,4.98621,7.93675,-3.19441,-12.03131,13.84377,12.62989,-1.3042,0.67647
arg,Argentina,20.3107,28.87184,25.59115,28.77462,21.23293,25.60346,29.01826,10.27531,7.79583,6.46787,31.27106,64.24479,65.53529,30.63044,197.69736,438.32278,159.42718,161.37217,147.37704,95.79042,105.27637,194.5353,380.15853,611.1963,607.4475,77.29224,127.53992,381.24634,3046.09115,2078.31682,140.50238,16.07199,-3.5611,2.84934,3.16512,-0.05238,-0.46391,-1.70528,-1.83656,1.03729,-1.09577,30.5552,10.4957,18.36335,10.31751,13.74105,14.93993,23.17116,15.37765,20.91512,23.70347,22.31488,23.9488,40.28297,26.57999,41.11938,26.00638,42.03367,49.19558,40.08309,53.80209,69.87608,135.36888,207.92186
arm,Armenia,,,,,,,,,,,,,,,,,,,,,,,,,,,,,,,79.3861,568.8073,1391.16654,4107.29677,161.16392,19.59177,17.73599,10.6985,0.0538,-1.37368,4.02797,2.3574,4.59852,6.27859,3.20876,4.61801,4.27788,5.98956,2.49725,7.76872,4.28155,5.3458,3.36682,2.30918,1.21391,0.26858,2.15064,2.78771,1.06562,1.80659,6.90051,7.98588,2.673,1.16127
atg,Antigua and Barbuda,,,,,,,,,,,,,,,,,,8.81996,15.17788,11.73456,8.64318,11.51,5.41388,4.20116,7.85085,8.32787,9.32514,12.72698,5.12005,2.09763,3.10699,2.93098,2.31581,3.58825,3.04812,3.41063,2.53022,2.6807,2.01108,1.53552,2.06378,1.27445,-0.47933,2.34865,4.6785,1.11767,4.36932,4.73836,1.10964,1.60742,1.13459,2.55082,-2.28757,1.77707,2.8018,-0.47512,0.31653,1.44422,0.71234,0.78165,4.91927,6.78027,4.91194,6.31892
aus,Australia,3.22197,-0.0756,1.78993,3.28305,2.98448,2.68348,4.86368,2.25264,4.7563,5.13234,5.18608,6.18861,8.98397,16.37756,16.48979,14.01987,11.41866,8.23618,8.63443,10.01657,9.52479,11.70923,10.15756,7.863,4.68071,6.54751,7.03174,7.17426,9.23191,6.09459,3.02018,1.47903,0.86738,1.0188,2.28914,2.71144,1.27279,1.13564,0.47537,2.55077,4.63074,2.84035,2.98555,3.2323,3.82548,5.11534,4.98605,4.56978,4.94918,1.15377,6.20198,1.8057,-0.1636,1.4054,-0.62386,-0.66316,3.65318,1.86901,3.4682,1.8855,3.07995,7.17553,6.512,2.62655
aut,Austria,5.08715,3.3402,3.67827,3.18379,5.32142,3.12237,3.24776,2.83803,2.73357,4.7421,6.20437,7.59993,8.04554,9.50214,6.45778,5.62492,5.19871,5.99302,4.11437,5.58063,6.71667,5.35529,3.47278,4.94977,2.963,2.951,2.43695,1.52686,2.96476,2.99968,3.64187,3.47909,2.75708,2.52494,1.81392,0.96044,1.26254,0.48206,0.21932,1.36731,1.93728,1.10422,1.267,1.72796,2.53197,2.04462,2.25927,1.93379,1.73939,0.89134,1.81994,2.09166,1.70872,2.00674,2.29263,1.81475,0.97532,1.81048,1.47369,2.59313,1.92613,4.75478,6.64765,3.05059
aze,Azerbaijan,,,,,,,,,,,,,,,,,,,,,,,,,,,,,,,83.54951,1065.32923,747.12452,1386.0674,545.65635,26.41916,9.2425,-0.96513,2.16214,12.49277,2.51501,4.21439,6.96147,9.25197,14.7235,11.32919,20.58248,27.97104,-18.89923,13.82767,24.60695,2.84498,0.41316,-1.3302,-8.80962,14.62834,16.2262,12.18443,-0.22165,-7.49363,21.58884,37.27072,-9.32261,-1.40817
bdi,Burundi,20.07744,-3.56742,4.68715,5.41722,-1.02936,3.15203,-5.31799,3.05681,5.36188,5.18451,1.38022,4.29081,5.51044,12.45518,21.08691,8.07495,14.30413,12.50771,26.13071,16.38402,-6.06332,5.67202,6.42855,17.21619,5.06884,-4.25741,-3.4178,3.49122,14.75718,5.98556,4.09314,5.40176,7.74265,6.63845,16.10271,14.45311,32.39779,11.45056,14.95414,38.94489,13.71641,1.02786,11.94575,13.14616,18.84159,2.84567,8.27338,24.21579,10.4588,8.56156,8.36425,14.29407,7.9531,5.30566,21.31875,0.97318,11.44918,-2.85086,0.85187,5.9665,8.51672,18.33172,10.87493,9.86027
bel,Belgium,1.31547,1.66769,3.0258,4.64243,5.10071,4.08601,3.19343,2.62029,4.02383,4.5462,5.35822,6.31782,6.80699,12.16834,12.88972,7.57526,7.47806,4.42325,4.50524,4.1266,5.1392,7.57042,5.61285,5.43872,4.62774,2.79678,1.68411,2.16899,4.79746,2.8124,2.87662,3.42452,3.99323,2.0943,1.22077,0.47664,0.75761,1.80562,0.59892,2.01459,1.98282,1.64,1.85012,1.91499,2.08307,2.26472,1.93168,1.90887,0.78182,1.7031,2.29252,2.20574,1.41249,0.8404,1.12184,1.89529,1.98316,1.71728,1.85424,1.59612,2.74263,6.84398,4.50812,1.94371
ben,Benin,1.04144,3.78056,2.54904,-0.36367,2.05762,1.13667,0.14107,3.27352,3.4542,5.04705,1.57328,5.31723,4.82274,14.92071,14.24694,14.03543,5.17689,12.33446,13.00469,10.18782,7.46895,16.14828,4.74621,1.95358,-4.87698,-3.60417,3.02846,-0.61051,2.22493,2.1766,0.75662,3.02513,2.37832,35.03011,15.09945,6.90729,3.66751,5.2316,48.34254,4.34106,1.97029,3.55421,3.0617,0.76971,4.29366,2.09432,0.39015,6.43415,2.53969,0.88089,3.73308,7.69891,1.3973,-0.24778,0.8515,0.68359,-0.3679,0.67045,-0.39755,2.87803,1.61873,4.13899,3.38562,1.57105
bfa,Burkina Faso,1.90061,2.01037,5.14752,1.81222,-0.65607,2.30312,-4.41101,-0.26388,6.91315,1.78343,3.37748,7.29665,2.67786,11.01471,8.17616,6.72551,18.66198,14.53233,7.75353,8.69437,13.58462,9.04652,5.40932,6.50109,0.75707,-6.34568,1.23732,3.40856,4.83162,1.81002,-3.96778,0.22706,-1.44184,14.63896,6.76957,0.34871,1.5562,7.94032,17.39082,-0.81977,3.96155,3.05699,1.48473,0.09065,3.73939,-0.66283,2.49235,9.1598,2.4055,3.77962,6.738,5.824,-2.12917,-0.62039,-2.22395,2.6043,1.4163,1.07397,0.5129,6.4656,0.11286,5.88897,1.99805,8.92214
bgd,Bangladesh,6.25748,0.02222,5.16406,-8.74322,7.9317,6.29619,14.79196,-5.76958,11.82772,0.51031,2.96325,4.40202,61.40578,44.54272,80.56976,-17.63042,-3.21016,25.61889,12.56451,17.55507,9.89469,9.85581,8.48776,7.87557,18.49512,8.2544,11.11963,7.49584,8.33797,6.53274,2.72953,2.58216,0.15552,3.96622,7.14494,19.14321,3.80023,4.73621,3.78104,3.44666,3.26116,3.89287,5.81582,4.56214,4.58636,5.87594,6.47126,7.86097,6.76435,7.14466,7.85945,8.16457,7.17495,5.66879,5.87278,27.85074,5.0476,5.80554,3.65814,3.84106,4.12117,5.04902,6.89712,6.88285
bgr,Bulgaria,,,,,,,,,,,,,,,,,,,,,2.82094,1.91647,-0.64527,2.73675,0.22918,1.34549,0.06384,-5.38974,6.72968,26.188,226.53786,59.57865,51.09105,72.70497,135.95562,62.96625,913.2131,33.95103,3.31914,7.38084,6.11773,3.84838,2.18941,5.58156,6.59426,6.75647,11.05143,8.10346,3.93802,0.76413,6.11283,1.11218,0.07195,1.34078,2.94775,3.32356,4.81312,4.25526,5.23549,4.34104,6.96662,15.91836,7.9842,6.52304
bhr,Bahrain,,,,,,,,,,,5.79965,5.2114,13.9801,24.68542,15.9058,10.32237,11.2976,7.68712,13.51223,24.15808,18.91177,13.72399,-3.68997,-0.41848,-1.82499,-17.39265,0.65905,2.00943,3.97466,4.8267,-1.88252,-3.53265,-3.02581,7.33119,1.09067,0.19672,0.93172,-7.05741,2.65644,14.32252,-3.36383,3.41435,8.60258,10.99108,13.73497,8.84244,8.43563,11.36509,-12.99394,12.00695,9.48596,2.93395,0.49983,-1.44044,-8.75667,0.35725,4.61583,4.21271,0.1648,-5.82885,9.2084,7.13489,-4.28437,0.3167
bhs,Bahamas,1.1606,1.08963,1.34376,1.5053,2.01173,3.77132,4.71307,5.16348,8.92537,6.14535,4.58255,6.78666,5.55102,13.23271,10.65638,2.38967,1.7287,2.24788,8.5541,10.00687,17.68833,3.69501,5.97697,3.17144,8.46073,4.66039,6.58635,1.48431,1.81317,5.07371,2.55654,3.90557,-0.85198,2.18337,0.80244,0.98424,73.22947,3.04892,4.95094,0.92271,0.35315,3.96047,1.15488,1.195,5.05601,0.82819,2.94797,1.48861,-1.03638,-0.39257,-0.85861,1.85027,0.59399,4.40807,5.22191,1.53986,1.34729,0.57871,4.44757,-2.32344,-1.22081,4.12459,6.63957,0.28858
bih,Bosnia and Herzegovina,,,,,,,,,,,,,,,,,,,,,,,,,,,,,,,48.47241,1362.02878,7544.81368,49.11827,13.38245,1.63963,11.14929,-2.43969,8.43332,30.33259,4.72612,5.00787,1.41086,2.16197,6.18902,7.80013,6.19757,7.33535,0.18547,1.40629,2.43253,0.79577,-0.22412,1.00034,1.36573,1.33331,1.77871,2.79162,2.4715,0.06214,4.9646,11.80884,7.29123,0.14518
blr,Belarus,,,,,,,,,,,,,,,,,,,,,,,,,,,,,,,110.37671,1030.77681,1058.7145,1945.7486,661.50408,53.71433,71.64957,76.58045,316.79343,185.29076,79.53457,44.89374,30.68532,22.67512,18.97216,10.74862,12.8727,21.21354,9.25866,11.34031,70.76129,75.24167,21.263,18.1926,16.02249,8.34192,8.62315,12.13923,8.57699,11.87747,15.32657,14.88486,8.04676,8.76787
blz,Belize,1.76303,1.35696,0.93766,2.13617,5.61061,5.77393,3.12244,1.67936,0.21593,7.36964,5.0639,-1.23524,14.67627,21.71062,16.87729,1.15748,2.2425,7.34918,3.58543,51.25065,0.16629,-4.57697,7.78638,8.61083,-2.03639,3.70728,7.59189,3.44234,3.11071,-0.02992,-2.3721,3.43669,1.87611,2.60384,5.28171,2.74603,-1.52046,2.43786,-1.65702,1.44429,-1.92145,0.6919,-4.1075,2.14175,3.00344,3.22145,3.8063,3.60557,-2.51887,2.24854,4.91659,0.74176,1.92028,1.11425,-0.30458,2.09428,3.03291,0.07773,-0.11784,-0.652,0.63077,7.25245,6.5097,5.99756
bol,Bolivia,6.54817,3.56147,0.82421,8.38594,5.89103,3.31588,6.23246,4.58848,3.71901,3.96056,2.53863,18.97775,42.94451,61.54596,6.69528,8.59892,12.54062,14.10381,19.79717,25.04872,29.48609,158.28333,265.19767,1443.39714,12338.66014,230.10522,14.58419,17.52334,13.18642,16.26794,17.68944,13.1992,6.55716,7.95221,11.42728,11.58021,5.70504,7.05113,2.41157,5.19541,1.87009,2.82076,6.32999,7.96771,5.9408,13.66368,7.37335,10.38118,-2.41989,8.77751,14.60235,7.10028,5.99539,2.0495,-4.6206,-1.35487,6.0614,3.05627,-0.693,-1.85439,3.95612,5.12446,-0.50525,8.53996
bra,Brazil,34.6178,50.24945,78.41743,89.53367,58.93318,37.9361,26.52894,26.70672,20.05178,16.25511,19.38459,19.86709,29.58036,34.60585,33.92944,41.20362,45.39806,38.22761,54.36596,92.14194,100.52888,101.03439,131.48405,201.74028,248.54366,149.17932,206.20871,627.95147,1304.42421,2736.97068,416.67809,969.01296,1996.15025,2240.16887,93.97804,18.45624,7.72902,4.92436,8.0105,5.60607,8.22509,9.79811,14.09102,7.75206,7.43122,6.77427,6.43904,8.77855,7.31348,8.42334,8.31859,7.94313,7.50456,7.84671,7.56618,8.1036,3.67138,4.49353,4.22426,6.4725,13.04727,8.57028,5.1595,3.79801
brb,Barbados,-0.948,-4.63572,18.53474,-5.37745,-5.04523,3.63347,1.64736,7.77304,4.59091,7.34404,6.81246,9.8933,22.77413,31.42139,29.36073,3.02098,9.75034,6.71751,12.37833,44.6781,12.20029,9.84577,5.66429,5.18324,3.51433,4.4735,7.33777,2.75736,6.82358,3.72831,4.49528,2.12239,5.19537,2.20984,1.01615,2.53842,0.9169,8.70326,4.43342,-1.32284,2.25539,0.90786,1.11587,5.82814,6.66772,4.09637,8.61226,1.80694,-1.82971,18.85273,3.66694,-1.01754,2.74359,0.00746,-0.61117,-0.96705,3.36727,3.25265,2.14645,5.11392,2.32922,0.66498,3.18213,2.70751
brn,Brunei,,,,,,,,,,,,,,,5.40841,5.48368,8.22371,-2.97468,13.36857,94.77247,10.30655,-5.58343,-12.71436,-0.43974,-3.02513,-37.07986,11.19977,-10.5074,9.47928,9.73557,-3.63341,-1.99597,-2.14231,-2.40674,9.00609,-0.96539,0.69585,-13.98899,10.40582,2.37672,-4.97305,-0.13538,6.30997,16.54195,20.50362,9.94435,4.69689,16.02077,-21.73927,4.98009,20.18077,1.22025,-2.82349,-1.84602,-17.61274,-9.1695,4.95527,9.21562,-3.33373,-10.86376,15.46593,24.23673,-12.84725,-2.20695
btn,Bhutan,,,,,,,,,,,4.45844,5.89793,13.0177,17.17033,-0.07686,0.04162,0.01076,-15.87806,6.00618,12.51718,3.46256,7.28715,7.15836,10.16369,6.50861,7.18544,1.10117,14.96487,5.60792,6.20535,8.94128,8.92329,8.51345,12.34126,8.28438,8.11263,12.90687,10.69627,6.17026,16.52715,5.33733,5.16519,3.62431,4.34588,6.4792,6.57512,4.68818,5.60618,4.4241,8.32696,8.88021,8.63679,6.16413,5.72223,3.20978,4.04891,4.34963,1.15086,3.10801,5.28737,7.62801,5.79486,4.37406,
bwa,Botswana,1.93395,1.36074,1.17683,2.5475,3.84628,5.78874,7.58155,2.16615,1.58436,5.97859,4.66418,10.77542,9.90661,12.79692,16.46728,11.31553,4.93738,12.46681,21.85636,10.19028,-0.08832,3.69542,8.74549,15.42699,22.89366,14.06125,12.69407,22.69706,13.64878,6.30002,5.17771,6.63928,13.0647,9.4638,7.15529,16.1122,4.99061,9.96727,14.23521,14.17097,8.31282,1.18737,3.25908,10.07879,15.47171,5.1544,6.0292,9.37273,15.10893,7.68549,12.65345,3.0118,1.53205,9.60155,3.73031,11.90491,-2.64993,0.05662,0.508,4.37887,8.38154,14.61768,1.739,2.77435
caf,Central African Republic,4.63502,4.88875,4.67448,7.54197,5.03914,4.47541,-0.77442,16.1724,-3.85269,4.49088,4.93827,4.64424,2.19949,5.381,19.32622,25.99663,11.37246,9.22839,10.92663,18.26538,13.87275,20.91423,11.10288,1.4194,34.14518,-3.42904,-2.30335,2.62406,2.4562,1.83665,-0.38982,2.78265,-3.43302,24.41257,9.89798,-3.54305,0.82338,-0.41415,4.08472,8.5066,0.42594,-2.37188,1.33642,-4.43979,4.18844,3.33405,1.83823,7.07707,0.71163,4.21131,4.00912,6.18104,2.48749,11.8938,2.70826,2.98011,6.44371,-1.22412,2.32784,1.98216,3.18577,6.01878,3.5748,5.99996
can,Canada,2.44443,1.30987,2.18223,2.83182,3.77503,4.9209,4.45414,4.06513,4.82678,4.72201,4.93144,5.82604,9.92881,15.56948,10.99773,8.78343,6.71754,6.82659,10.07005,10.05589,10.87096,8.82708,5.82448,3.54539,3.33839,3.13238,4.7916,4.54,4.68125,3.3523,3.05677,1.47085,1.28904,1.45563,2.26333,1.67528,1.14413,-0.17623,1.92386,4.3742,1.57368,1.25752,3.24974,3.26087,3.11664,2.57017,3.30055,3.99632,-2.32492,2.84864,3.24446,1.21844,1.74074,1.9412,-0.86765,0.71698,2.57101,1.65112,1.54607,1.07081,7.78502,7.90676,1.35727,3.03632
che,Switzerland,4.05829,5.82707,4.84776,5.31073,3.79724,4.80501,4.45332,3.08111,2.57439,4.71276,9.15112,9.80196,8.14043,6.93262,7.13294,2.72985,0.25801,3.61276,1.98837,2.70668,5.66111,7.34804,2.36688,3.75964,2.27073,3.03459,2.19348,2.79024,3.45846,4.60362,5.4091,2.12464,2.32202,1.18439,0.73776,0.28002,-0.47648,-0.18926,0.04377,1.36729,0.97438,-0.24946,1.17976,0.29663,0.92464,2.15026,2.37706,1.44993,0.45754,0.31274,-0.02045,0.06372,-0.08684,-0.65312,-1.26506,-0.58329,-0.36787,0.76429,-0.1039,-0.69919,1.3215,3.04005,0.89628,1.28874
chl,Chile,6.3033,12.96539,43.46281,47.65641,38.58316,28.42451,25.08622,33.59229,39.72052,40.9272,17.34889,88.40416,417.6498,686.30964,344.76993,245.65231,101.30443,56.09346,47.4491,28.71981,11.42005,7.17056,31.35351,16.12826,41.85819,21.86994,25.52402,20.40989,13.35649,22.5537,21.61728,13.41683,12.09738,13.80059,11.06416,3.24866,3.33058,0.77899,2.18777,4.56004,4.27715,3.34066,4.3003,7.02476,7.12032,12.3499,5.08876,0.31113,3.5778,8.85744,3.26051,0.76347,2.26077,5.85289,4.95437,4.56066,4.82819,1.5902,2.56779,9.66572,6.86883,7.56016,6.58777,7.71496
chn,China,15.24631,-0.11086,-2.62824,-0.37973,0.8638,-1.57172,0.81715,1.37456,-3.80294,-2.63019,0.66235,0.07608,0.20747,0.27723,-1.13238,-0.09693,1.09261,1.67473,3.59879,3.76467,2.3606,-0.1679,1.19745,4.90542,10.19964,4.68045,5.10276,12.10175,8.60763,5.709,6.72654,8.20015,15.18468,20.64054,13.63301,6.50583,1.6571,-0.82647,-1.21968,2.09978,2.21205,0.6427,2.64268,6.99019,3.74872,4.01946,7.91366,7.85659,-0.08197,6.92846,8.01606,2.40518,2.29799,1.09109,0.13726,1.47744,4.14602,3.4679,1.31551,0.53,4.47386,1.93427,-0.5057,-0.7072
civ,Cote d'Ivoire,2.99006,3.00482,3.01392,2.90618,3.07887,0.0416,1.22775,5.7938,1.85392,2.99085,-0.94109,2.51162,13.22797,26.69417,4.31395,18.22297,28.75129,4.4333,6.5414,24.14368,2.97699,8.30132,9.04678,17.9099,0.34366,-2.0204,-4.07521,-0.38093,-1.01241,-4.52327,0.66349,-0.02384,6.15419,46.38607,11.04379,56.28378,3.92147,5.38736,-0.77591,1.60102,6.87597,4.58214,3.27812,-2.50336,1.21513,1.35954,3.08855,5.37293,1.20778,1.51622,5.70932,-0.4041,2.87673,4.40733,4.77568,-1.17983,-1.04168,1.68198,1.98335,1.82838,3.93013,3,2.55137,2.55
cmr,Cameroon,5.06445,3.10996,-0.26412,4.42103,2.75243,0.18838,23.62919,5.75073,5.30196,7.884,3.44012,7.97638,6.52953,10.65609,5.99007,19.67444,5.88477,3.40981,12.85277,14.24589,8.80019,12.48195,12.76307,13.55219,11.18713,0.17924,-2.39231,0.8139,-1.81908,1.6431,3.56871,-1.27767,55.75538,5.88247,6.63451,0.41056,6.16381,1.06587,2.18779,1.53156,2.46936,2.77449,1.95291,0.13949,1.35714,2.29967,0.49071,4.94054,3.60352,0.68819,2.58904,1.94229,3.05346,2.01421,0.30979,0.66181,1.02514,1.89699,1.16977,0.70557,2.92104,6.83105,4.65972,0.42953
cod,"Congo, Dem. Rep.",6.09948,21.24077,87.8492,3.54798,38.95212,4.97382,58.57441,59.88278,17.73106,-2.83695,8.2037,10.1814,17.88705,18.23832,12.26542,57.39543,37.27165,28.4143,101.77004,51.40755,33.23022,43.48528,78.21547,89.60322,25.81091,28.45326,73.7674,91.58619,110.26225,108.95531,2338.44967,3855.30764,1657.64159,26765.85825,466.40736,638.18882,192.64283,26.93538,441.90249,2630.12267,73.05971,31.71946,13.41545,6.36546,29.86955,13.32523,20.27146,20.46532,32.65793,20.78633,13.79166,5.93999,2.77129,0.99363,-1.15588,4.34923,43.06866,30.99861,5.89541,3.90155,14.97543,10.10642,14.18374,14.31286
cog,"Congo, Rep.",6.29396,4.25382,7.7739,3.85594,3.02549,10.02736,5.51605,-1.04473,2.99689,3.71046,8.31302,7.42777,7.83858,8.11374,8.3048,8.67575,14.52453,-0.82834,17.1016,20.14401,27.78913,6.04474,6.33837,12.11139,2.49854,-29.17266,7.62652,-6.22635,12.74406,-1.02907,-1.48064,-1.56927,-1.13083,36.75283,3.39593,17.99192,4.96452,-18.22209,29.35534,47.04008,-13.92521,-1.73893,-4.25154,16.80724,32.49874,11.3803,6.74012,16.2692,-21.16523,29.41768,10.95333,11.36409,-1.10456,-6.46456,-17.25399,-3.50249,12.36568,22.23444,-1.31737,-13.99957,23.29072,18.2609,-7.5677,-0.01348
col,Colombia,8.22937,6.64804,23.22062,16.33988,8.60448,15.12735,10.73018,8.47238,8.44466,11.8858,10.8074,12.97231,20.1611,25.37715,22.80696,25.45756,29.15282,17.09993,24.04063,27.61594,22.76588,24.76646,20.40258,22.18023,24.88351,29.16893,23.37694,27.75006,24.68582,52.3361,27.00577,22.66438,24.84158,22.09638,18.85096,16.86838,16.83985,14.77305,12.62294,33.67537,6.51845,5.96819,6.82901,7.28303,4.7532,5.80766,5.20203,7.67738,4.06423,3.80486,6.3868,3.61666,1.90768,2.23563,2.44933,5.14833,5.13374,4.63058,4.00262,1.48172,7.80211,14.92504,6.95236,5.7765
com,Comoros,,,,,,,,,,,,,,,,,,,,,14.56752,6.52971,15.20747,6.15966,7.07135,7.39228,3.22322,1.93731,5.96066,2.17591,8.11891,-6.76453,2.83282,9.41692,8.32097,3.1987,0.92437,1.34665,5.81136,-4.46002,8.62998,4.17066,5.11183,3.38836,0.31588,3.11076,3.54492,3.14429,-2.09246,0.68246,1.34792,1.18838,-2.41505,-0.9012,-1.34674,2.24961,-1.29036,1.42743,2.33065,-3.39648,-0.31173,7.59758,5.64413,4.43376
cpv,Cape Verde,,,,,,,,,,,,,,,,,,,,,9.57798,17.39335,10.56382,8.76659,3.66666,17.6934,6.96239,5.41161,3.58486,2.34531,4.79242,-4.11584,49.35409,-29.17246,-1.5469,-0.54614,-0.83529,-0.33599,7.61208,-7.9011,5.15533,-0.36321,4.9211,-6.33255,-1.79488,4.63977,18.56842,3.71274,1.95456,0.65442,2.74704,0.67761,1.42476,-0.10032,1.62041,1.67992,1.29691,1.70417,0.69487,0.36616,1.3499,6.34319,4.09633,1.72307
cri,Costa Rica,0.51621,3.16881,-0.06579,2.25118,0.6345,2.04912,2.2778,1.99253,4.56806,7.31747,2.44355,6.41309,14.84042,23.21303,24.54089,16.60178,16.93878,7.90848,9.14997,18.82958,41.10215,84.17189,28.93151,16.69451,20.54521,18.04992,10.14438,18.83927,15.24832,18.5479,64.77469,19.72885,10.43557,15.67048,21.23624,15.07507,14.67989,11.93819,11.02947,9.38971,9.72094,9.78689,10.64824,13.35035,13.01333,12.98431,10.51679,11.42379,9.70133,6.62884,4.59323,4.73363,4.59021,6.20692,3.95522,1.95876,2.85888,2.19248,2.56679,0.77259,2.37413,6.28039,-0.08792,0.04711
cub,Cuba,,,,,,,,,,,11.85718,6.95865,3.25154,11.85888,4.32921,0.52319,-4.19392,9.32122,2.92801,5.39533,-2.53695,-2.22755,1.5966,2.58439,-2.15754,-3.91406,0.61049,1.23322,0.62484,5.26127,-7.38784,3.74572,18.97549,26.28203,10.50867,-2.67162,-1.35259,1.29911,3.7891,1.74116,0.45494,4.53318,2.97351,0.60598,0.38008,10.36556,3.58978,-0.34453,0.63418,1.20205,4.32377,2.91406,2.65783,3.46338,3.43905,4.32835,4.11359,1.03227,3.54474,16.55596,401.59119,14.09223,40.00071,
cyp,Cyprus,,,,,,,,,,,,,,,,8.02874,8.89689,11.07304,13.1367,14.15334,12.38885,10.3526,5.0446,8.18192,5.66771,4.15067,3.86185,3.19369,4.75174,5.43312,3.88801,6.04138,4.80313,5.27098,13.59785,2.64097,2.23689,1.96568,2.30198,2.74345,3.66029,0.29638,5.38768,2.7093,2.01953,3.08611,4.13805,4.73462,0.2629,1.88138,1.61625,1.67878,-0.93774,-1.33827,-0.75423,-0.57474,1.02039,1.02575,1.35009,-1.20792,3.04273,6.70927,3.81222,3.5382
cze,Czech Republic,,,,,,,,,,,,,,,,,,,,,,,,,,,,,,,36.19239,12.35726,21.0088,12.34197,9.10737,9.90987,8.35345,9.83754,3.11518,1.75948,4.93458,2.80028,1.41248,4.05711,0.1178,0.68324,3.56087,2.02633,2.64519,-0.48513,-0.22113,1.34339,1.27159,2.70672,1.23454,1.49123,1.68362,2.81336,3.84132,4.51623,4.03443,8.6711,8.12594,3.98207
deu,Germany,5.06399,3.95727,3.16247,3.04657,3.83414,3.42041,1.58906,2.08784,4.20899,7.63243,7.62134,4.53186,6.29951,7.27529,5.66662,3.30619,3.10072,3.54584,4.27814,5.45119,4.17524,4.58106,2.80794,1.98915,2.12473,2.99954,1.27966,1.69046,2.87907,3.39664,3.08508,5.31032,3.78518,1.94297,1.83526,0.46393,0.14502,0.69183,0.57386,-0.34381,1.43299,1.49931,1.32178,1.15506,0.53432,0.447,1.83956,0.94784,1.9947,0.6825,1.23193,1.43208,1.99503,1.90082,1.6854,1.25626,1.46799,1.86533,2.01598,1.75505,2.80293,6.09186,6.14292,3.10601
dji,Djibouti,,,,,,,,,,,,,,,,,,,,,,,,,,,,,,,,,,,,,,,,,,,,,,,,,,,,,,1.32974,1.73935,0.30278,0.56223,0.65602,0.44985,0.58072,3.35375,-0.14776,2.39663,-1.54127
dma,Dominica,,,,,,,,,,,,,,,,,,12.66953,17.95877,16.70987,1.75796,4.71487,7.45947,6.17791,7.93421,5.64148,5.69387,4.49886,8.40741,3.20836,7.65073,4.38688,2.67971,7.63953,0.78393,3.26495,1.44487,2.54011,2.53639,-1.78273,13.26467,2.56716,-5.96042,2.08293,-2.21975,1.95541,1.29521,0.76647,8.65373,0.92905,2.30734,-2.04962,4.79399,2.54365,5.46641,3.56536,-0.5526,8.30802,-1.34583,-2.60093,0.98857,0.26182,2.08922,2.38338
dnk,Denmark,4.30663,6.6359,5.77348,4.61103,7.43647,6.83266,4.10317,5.33329,6.87105,8.75393,7.2684,9.72956,9.92202,13.01639,13.26203,9.28152,8.77068,8.83347,6.99565,8.57843,10.52073,10.06987,7.35335,5.9082,4.21553,2.43539,4.70879,3.85542,4.83203,2.48227,2.58351,1.65638,0.57738,1.56775,1.27912,2.02364,2.01317,1.23237,1.68745,3.01338,2.51735,2.38933,1.49454,2.08489,2.89795,2.08855,2.42481,4.25426,0.57175,3.18686,0.64638,2.40784,0.84691,1.01871,0.4091,0.42651,1.10062,0.59302,0.95088,2.82692,2.76892,9.09697,-3.78892,1.82388
dom,Dominican Republic,-0.41794,7.64019,7.1904,2.10626,-1.05686,-2.35871,1.78631,4.03253,2.83048,2.11171,1.18424,8.02738,4.5064,17.70918,16.94679,2.86725,10.57636,1.04806,11.11078,13.8844,7.24222,7.51203,6.5964,24.18429,38.36729,9.38727,14.42295,43.53587,23.60881,50.45926,102.96144,5.5526,4.98163,10.14293,9.63728,3.68601,9.43698,6.51331,3.81802,7.21804,6.03054,6.92947,33.46648,45.14447,5.77782,6.64432,7.63417,10.25761,3.42648,5.34931,7.96629,4.97848,4.6286,4.21578,2.38116,2.01539,3.90748,4.54051,3.59545,5.45467,7.22103,9.55123,5.78718,4.27349
dza,Algeria,3.47172,2.35128,0.54933,1.69518,1.50133,1.81781,1.31204,3.14206,1.92108,4.94045,17.15196,-4.60646,9.62761,48.89659,5.91402,10.84059,11.9271,10.08512,13.98784,25.86204,14.354,1.93979,6.8048,8.43351,4.97253,2.40534,8.84202,9.06096,16.01137,30.2596,53.7886,21.92611,13.62442,29.07765,28.57704,24.0219,7.00196,-3.13109,10.85634,22.67801,8.01436,1.37286,8.94246,11.4465,12.36159,10.78118,7.09552,15.11788,-7.37375,15.55692,16.90871,8.00245,0.89275,1.45036,-4.98674,0.85669,4.93801,6.16468,0.88299,-4.71138,15.9326,22.95126,0.85484,1.70011
ecu,Ecuador,-11.32044,-9.99377,17.68543,14.52778,2.99458,2.11715,0.47319,-0.77525,15.1482,-13.93638,-9.47897,10.14965,7.19748,52.47956,5.57583,9.49371,19.36072,2.2899,14.61446,21.63569,15.49145,-9.18217,-13.64483,-3.92135,-2.44014,-13.69042,-8.70101,-11.6138,5.36798,5.81363,6.88932,4.30323,2.64177,15.00872,5.22255,1.49015,7.00617,-3.78268,-26.29999,-11.68345,26.59822,11.48656,11.24728,6.39062,8.58299,8.71659,7.06342,15.09412,-2.76913,9.01372,6.83751,5.00324,2.66687,2.05296,-5.47563,1.17114,0.93203,1.8194,-0.05657,-1.82596,2.17474,2.34807,2.28376,5.01461
egy,Egypt,1.60997,0.39603,0.91537,0.8623,5.46456,2.7512,2.83201,1.80143,0.80631,12.51617,1.32673,3.39909,7.35262,9.42498,9.66388,11.53328,12.33792,9.54762,23.49987,12.43087,-2.19824,24.73086,12.71186,8.24745,11.57604,12.87517,12.46937,13.41755,19.1374,17.74305,16.12527,18.35078,8.42911,8.44887,11.39974,7.10767,9.87628,2.37768,0.91944,3.94441,1.8677,3.16558,6.77749,11.66991,6.21273,7.35998,12.59574,12.20398,11.18554,10.10686,11.66298,19.48288,8.71267,11.24762,9.93089,6.24566,29.51848,21.17482,13.6181,6.17693,4.84716,10.42579,24.79908,33.6915
eri,Eritrea,,,,,,,,,,,,,,,,,,,,,,,,,,,,,,,,,-1.38317,10.43215,9.81004,9.07483,3.89715,9.10917,2.31856,24.97759,15.07727,16.14867,21.87284,24.79929,7.62369,11.394,7.28821,16.07622,29.50451,-16.2282,19.53823,,,,,,,,,,,,,
esp,Spain,2.46639,6.09584,7.84537,6.25432,9.16487,8.17374,8.53772,5.91113,5.13325,5.94259,7.84602,8.51792,11.8496,15.94511,16.78178,16.48992,23.38307,20.63104,16.93163,13.35483,12.35119,13.58232,11.88425,10.86473,8.59548,10.87882,5.9442,5.93613,6.89619,7.32625,6.93514,6.71077,4.53724,3.87984,4.93313,3.53326,2.46503,2.63478,2.61858,3.41275,4.16231,4.0917,4.00397,3.91167,4.21292,4.07249,3.56123,2.45204,0.23128,0.29284,-0.14596,-0.20295,0.43818,-0.22069,0.55244,0.37218,1.25794,1.18735,1.42867,1.13391,2.55611,4.71187,6.23528,2.98299
est,Estonia,,,,,,,,,,,,,,,,,,,,,,,,,,,,,,,132.57043,873.64287,84.80553,39.66901,31.40857,22.53949,9.92247,6.8945,6.46102,3.6847,6.84872,4.80388,3.88939,4.68946,5.92389,8.97864,12.35417,6.79511,-0.38763,1.81654,5.53917,4.20553,4.12395,2.85654,1.30644,2.43853,3.7411,4.84907,3.82268,0.75334,5.37233,15.78242,8.05479,3.73336
eth,Ethiopia,,-0.34266,-0.08068,5.09651,2.92315,0.33346,1.77294,2.19274,4.24105,6.27938,-0.86961,-3.37743,0.38306,7.393,-1.23429,7.85249,11.28828,3.58655,10.71313,0.04906,2.56588,4.27053,2.70288,-2.73398,31.78776,-5.27316,-6.11949,3.1055,5.58473,3.27137,19.08429,15.53223,13.37686,2.93108,12.70637,0.23914,0.20666,-0.15015,2.22272,6.8,-5.75534,-3.62143,12.76798,3.91136,9.87551,11.55235,17.22058,30.31167,24.14642,1.44457,20.06188,33.54141,4.90198,10.98179,10.83654,10.39796,6.67682,12.38228,12.86043,18.25457,21.76327,34.66661,32.91307,25.53879
fin,Finland,5.34178,3.97394,5.14661,7.17577,5.02329,4.72384,7.36206,12.06377,4.15033,3.84859,7.36411,8.24407,13.77204,22.0714,13.56799,13.12468,9.41866,7.45419,8.30498,9.63558,11.63546,9.06356,8.19534,8.45394,5.22487,4.75829,4.29237,7.6842,6.53423,5.19723,1.51636,0.89369,1.76544,1.84498,4.20146,-0.08136,2.08552,3.10399,0.93141,1.63739,3.30463,0.94313,0.18998,0.60224,0.92937,0.92018,2.7544,3.03759,1.77523,0.34887,2.60093,2.94535,2.56139,1.64467,1.6327,0.0552,0.83605,1.98706,1.48186,1.63842,2.49284,6.17278,3.47744,1.70864
fji,Fiji,0.60898,1.40252,-0.96927,3.14074,7.95093,2.48288,-3.59822,3.29113,6.49423,6.83129,3.35926,14.72537,15.99745,29.64571,24.31865,7.91145,-0.03203,4.43188,8.14135,17.3117,0.95909,12.13987,6.81676,3.0075,8.21525,3.0513,7.34001,7.32802,2.8483,6.67947,5.99313,6.30667,7.23735,0.82804,1.13041,2.86844,3.29006,7.44795,6.73182,-4.71987,3.2454,3.26645,7.70278,2.19401,6.64519,3.74676,3.02446,2.15812,1.3907,4.22978,9.39134,3.57651,3.6213,12.50541,2.5309,2.63333,1.69846,1.42572,1.54802,-1.48398,-2.51306,2.44798,4.09958,4.2
fra,France,3.21833,4.88989,5.5658,4.17121,3.04257,2.99583,3.05396,4.41951,7.34906,5.39336,5.87483,6.90886,7.73358,11.33827,13.63833,10.82342,8.84288,9.23468,10.21073,11.54609,11.48078,12.03271,9.61254,7.07327,5.50414,5.23941,2.47028,3.17903,3.18399,2.666,2.45512,2.02035,1.55772,0.95285,1.15065,1.31736,0.87476,0.90851,0.22017,1.41757,1.9024,2.06428,1.80138,1.63364,1.9621,1.99738,2.38503,2.3008,0.10596,1.08945,0.85148,1.08205,0.74788,0.5708,1.13444,0.51726,0.58634,1.11459,1.21052,2.97798,1.22182,3.22063,5.30357,2.31296
fsm,"Micronesia, Fed. Sts.",,,,,,,,,,,7.07614,14.01446,3.58083,14.78268,-0.02219,1.14442,-1.34189,7.37016,9.99533,14.75539,8.5826,7.5033,3.07543,4.81548,3.28436,1.94844,2.76845,4.19925,4.7275,4.94965,5.10137,3.03057,3.01222,2.61503,2.24777,1.8696,0.6512,2.99125,-0.7846,1.07891,1.10885,0.09418,-0.36413,0.99331,2.09699,1.38471,3.17446,5.00498,5.36162,3.60298,1.59563,7.1225,0.63694,3.02389,-5.25036,2.19418,9.55981,9.1922,-3.43137,-3.74433,1.85724,9.39828,6.20974,5.43854
gab,Gabon,3.27845,1.38092,-20.34281,33.54059,-3.05911,4.13443,6.22473,6.46088,4.95912,-0.4202,6.50417,-7.27697,34.75765,65.41047,4.37225,14.66494,9.79568,2.85907,18.98302,36.7811,10.44207,16.90363,2.92484,12.01022,-1.27605,-20.80981,0.99328,2.61513,7.72802,15.35814,-11.3661,0.21387,-0.50948,46.55144,1.33912,13.56268,0.94654,-17.7864,19.19134,28.08934,-0.16866,0.85581,-0.21712,7.76528,20.09447,9.86814,4.23136,20.47896,-18.07454,16.56432,12.68123,-2.9419,-6.15792,-0.85139,-8.92717,-4.26975,3.8203,7.17666,1.54749,-9.00987,20.33841,14.75834,-6.86512,0.60255
gbr,UK,3.36344,3.37351,1.60352,3.28496,5.60679,4.98154,2.77946,3.9313,6.02204,9.24855,7.98562,7.18825,8.41488,15.05921,25.77073,15.11357,13.71049,11.45755,14.06654,19.70379,11.56926,7.41877,5.12281,5.03005,5.5117,4.33536,5.44055,6.13317,7.93586,7.88622,6.41909,3.32098,2.73304,1.39362,11.489,4.13731,-0.14683,1.28366,1.38086,1.12168,1.51125,2.11905,2.38704,2.58864,2.94152,2.79244,2.24798,3.4272,1.89709,1.58908,2.19599,1.54274,2.10944,1.3189,0.6584,1.96415,1.85512,1.92065,2.13295,4.96982,0.06656,5.4439,6.88854,4.01174
geo,Georgia,0.69678,5.25179,-3.59872,2.13306,-0.60607,-1.82171,1.27805,0.62586,3.20053,-0.17402,3.13734,-1.36952,0.38509,0.87008,0.69031,0.52804,1.37263,0.50604,2.81586,0.99897,3.62531,3.5055,-2.8172,1.28015,-4.53224,6.10347,2.33373,-2.23111,5.416,22.35903,61.75205,1317.69263,15444.42042,6041.47405,162.73389,43.03027,6.53498,6.94032,9.72884,4.67821,5.37435,5.91907,3.42601,8.43369,7.9351,8.44731,9.46751,9.59233,-2.13577,15.90583,9.17171,0.29117,-0.65097,4.5899,5.37742,2.27482,7.54674,3.48482,3.99568,6.84793,10.22959,8.13545,2.9481,3.82213
gha,Ghana,3.47085,1.94015,6.74565,9.93482,17.0066,8.15251,-3.87836,12.61652,11.03682,2.88915,5.18201,15.47256,20.88249,24.56873,29.46352,28.04865,67.25078,73.30669,37.94948,51.12614,75.63357,27.89058,123.06121,35.31242,20.64841,41.7058,39.2015,33.40285,28.29431,31.16659,20.04136,11.15008,31.75721,30.12893,43.04533,39.83774,19.45817,17.04847,13.97117,27.23011,34.81794,22.81858,28.70441,14.35015,14.96372,84.68347,16.10424,19.41027,15.66657,16.59564,13.91482,15.20528,54.01291,23.93996,13.25297,15.74862,10.67731,10.56848,8.48107,9.36557,12.1061,28.18387,40.1058,25.36778
gin,Guinea,,,,,,,,,,,5.62235,5.57738,9.96407,4.14811,4.82218,6.19921,4.61393,2.16033,7.63475,6.23678,8.63763,29.66566,29.31918,25.24645,19.00005,69.66119,27.25999,21.65364,22.31557,17.27918,25.81867,26.22021,0.67376,1.428,5.95134,1.54597,1.43413,3.32464,4.22768,6.30012,1.75243,0.43277,15.9107,16.52158,27.39085,37.58406,13.61887,16.70513,1.77103,16.1026,8.99929,11.51596,4.32936,2.6159,2.97228,5.66895,10.35651,7.05908,9.40291,4.24998,11.9863,2.80558,6.09251,7.35224
gmb,Gambia,,,,,,,8.54972,-8.68602,7.12847,9.06914,5.16336,3.15678,-1.04551,20.93723,13.04859,11.69319,22.5954,6.46036,10.59694,-0.17758,1.56353,14.48742,2.68309,9.00161,39.41911,40.51679,18.49801,9.70615,13.73657,11.96453,134.03587,1.95003,5.14232,3.7774,3.96325,8.36857,-5.96912,5.41182,-2.43549,2.21698,1.80544,10.39134,12.89394,94.19011,4.11381,1.3032,4.41482,2.47585,4.51331,5.64433,4.57212,3.84516,5.93313,5.21172,9.72036,7.82062,3.92172,6.95176,6.25221,2.18876,7.38212,8.81708,15.6019,8.36512
gnb,Guinea-Bissau,,,,,,,,,,,1.80727,4.9744,10.4339,8.92443,7.20304,1.51369,3.06584,6.33588,4.28001,11.53684,1.81704,16.5423,23.30707,59.40182,32.31351,112.89482,94.26346,79.54484,99.25332,30.24604,67.89437,64.98119,49.05889,23.24948,44.73004,39.23371,34.13819,10.34034,-12.42229,-22.93232,3.76204,3.37438,-0.57031,-5.4808,3.11441,-4.24339,5.99027,12.76273,-3.82521,5.21502,8.45292,-0.02722,-0.93228,1.29756,14.51966,2.71775,10.5283,-2.53156,2.15005,1.93344,2.15264,4.28794,5.17485,-2.69764
gnq,Equatorial Guinea,,,,,,,,,,,,,,,,,,,,,14.44283,40.41801,24.74977,25.63717,52.77479,-2.92341,1.51817,3.97698,-4.79586,10.35253,3.55211,-15.4237,-2.69312,24.52635,7.68083,0.8212,-13.14717,-31.56591,39.15763,64.73502,-11.97153,-1.58289,0.63562,16.92276,59.32905,12.97637,3.03765,19.84004,-20.83023,24.90653,17.04511,4.85478,-1.07267,-1.27384,-20.19275,-6.28542,12.74238,9.51383,-3.16369,-10.16855,17.93863,22.10041,-7.64752,2.50268
grc,Greece,1.09638,4.69014,1.11058,3.40565,4.0782,4.9214,2.16984,1.47717,3.18127,3.79932,2.97502,5.04663,20.91034,22.78049,13.12,16.43446,13.75441,13.78806,20.1507,19.23945,21.61204,27.21275,20.6122,21.91846,19.02595,18.882,15.25268,16.67987,14.49897,20.6906,19.78774,14.79881,14.42875,11.18189,9.79184,8.19686,6.61834,5.27871,3.50944,1.6188,3.47069,2.95366,3.55859,2.96881,1.90042,3.36454,3.3671,4.06289,2.36843,1.18092,0.97666,-0.33457,-1.96032,-1.92347,-0.17475,-0.48996,0.20361,-0.2348,0.24502,-0.36396,1.39276,6.49582,5.87456,3.15251
grd,Grenada,,,,,,,,,,,,,,,,,,17.27329,9.62159,9.04926,2.70869,4.1636,1.39348,6.61241,8.74809,4.33505,5.05935,6.76145,8.99639,0.01593,6.66991,4.01158,1.88342,3.19076,3.05315,2.67308,1.78471,1.73787,1.12149,2.86303,2.14418,0.37215,-0.07707,2.03115,2.48974,4.63259,2.31944,7.84773,-0.0099,0.47979,0.22451,3.92615,2.9231,0.77521,2.75839,2.64425,1.52617,-0.70366,3.32753,-0.29999,2.79032,2.21866,2.68435,1.35152
gtm,Guatemala,-1.08037,2.5855,0.80534,-1.68057,-1.79705,-1.00286,0.3876,1.87143,1.69624,5.00118,-1.26919,-1.36346,14.50077,15.67927,13.11609,11.4953,16.45286,5.49596,8.58719,10.00489,8.54811,4.97795,6.56098,4.1237,18.77974,41.46259,7.99853,11.6553,10.9089,40.53126,32.97505,8.86138,14.50435,11.72228,8.66782,8.9,8.25734,9.50244,5.04156,6.83011,-5.61015,6.46918,4.47123,6.02386,5.66844,4.98133,7.11535,9.40749,3.60018,5.13757,6.89464,3.37775,3.35845,2.86031,2.23162,2.70719,1.74791,1.27161,3.56578,2.87232,3.13055,6.37205,6.54005,3.65872
guy,Guyana,4.2935,3.75006,2.77498,-0.48536,-1.78719,1.92135,4.86441,6.94538,1.41583,3.03612,2.14162,9.88567,6.26943,37.47215,14.65815,-5.77655,1.67957,14.78779,6.56294,11.77879,4.34074,4.3024,8.91968,19.28175,14.5101,12.29336,58.71082,23.64604,162.54601,56.44461,134.53764,11.30074,16.95089,16.5724,12.35171,3.93058,1.44325,2.97009,11.21051,6.58604,0.32197,2.61875,4.71857,6.77524,7.63243,174.8577,8.21101,9.55475,1.15311,3.97225,2.40932,4.72762,-0.53668,-2.1054,3.00431,0.89818,2.10901,-2.88749,2.96119,-26.2961,22.4177,12.06045,-14.08643,2.38907
hnd,Honduras,4.18906,2.92397,2.13301,5.68451,2.0771,2.60567,2.62112,1.44868,2.60517,4.44558,-2.77754,3.86452,5.34581,14.77894,6.3848,8.53219,12.19948,75.07387,8.35485,11.29245,3.16933,7.74005,3.98482,3.26392,1.66148,2.12868,2.2425,9.17751,11.50369,25.00869,26.28367,3.67417,10.90861,21.3388,23.71397,18.19358,16.81161,10.29899,7.57573,7.99345,8.08435,5.13194,5.75974,6.45198,7.27916,5.34866,6.62551,7.79051,7.65373,4.67604,7.80721,3.57979,1.37403,6.84936,6.93277,3.67807,4.51284,1.94722,3.35874,3.40198,4.60573,9.3124,6.04752,5.10094
hrv,Croatia,,,,,,,,,,,,,,,,,,,,,,,,,,,,,,,99.29542,594.84671,1466.7895,111.75875,23.49783,3.83442,6.89049,8.17944,3.51342,4.35088,4.22809,3.8407,4.3005,3.62413,3.11437,3.88062,4.28627,5.52923,2.985,0.92011,1.66935,1.41146,0.73289,0.12654,0.12437,0.01511,1.23164,2.0256,1.98838,0.80336,2.08112,8.01281,11.74033,5.50003
hti,Haiti,2.22062,-3.60741,6.62505,12.15602,6.30089,5.04837,2.21213,-3.38687,2.57198,-16.01833,2.87441,1.54364,19.78759,14.50431,19.17837,18.96026,3.8839,-3.14158,3.12509,19.2632,10.04786,3.33096,9.14309,11.52692,9.97376,15.9346,-10.97595,27.42762,7.82071,11.99575,14.61026,20.90817,18.33664,56.70789,15.96338,9.97659,12.72699,14.15742,7.0314,91.38066,13.24833,10.22097,17.98552,19.30292,10.07213,13.51832,4.11226,12.67494,11.60147,7.39382,4.32073,8.20779,8.07715,2.21899,5.20596,15.70321,13.77988,6.53576,19.80039,18.68519,18.96024,30.20129,31.51196,24.41722
hun,Hungary,0.98085,-0.58649,-0.45036,0.39906,-30.18749,2.88013,0.58813,4.35832,3.95225,1.68717,2.17491,2.116,2.64867,-1.18185,0.98456,5.76609,2.27554,3.66344,5.51245,5.68665,5.15179,5.71035,4.9609,6.33162,5.90976,3.74226,8.24957,17.52608,18.73655,25.66605,35.71544,21.50918,21.27846,19.49106,26.73279,21.96546,20.26147,13.76109,8.12345,9.5965,11.02759,8.04647,5.41082,5.14275,2.6227,3.6723,5.43985,4.79998,4.21367,2.53121,1.92746,2.87712,2.83481,3.69012,2.81116,1.32255,4.03729,4.84538,4.75294,6.42661,6.16695,14.18247,15.21032,7.31765
idn,Indonesia,13.93602,178.86674,145.84109,114.73116,228.81894,-98.70383,164.72184,122.97281,21.3532,14.25307,2.72474,16.11984,36.87848,47.3105,12.46806,14.45679,13.01236,12.0649,31.18719,29.1455,10.15071,7.9505,18.6127,10.42183,6.19136,2.25377,16.00382,7.62911,9.48503,9.09395,8.76704,7.28886,19.15258,7.77657,9.88205,8.67651,12.57138,75.27117,14.1612,20.44746,14.29572,5.89605,5.48743,8.55073,14.33179,14.08742,11.25858,18.14975,8.27475,15.26429,7.46594,3.75388,4.96599,5.44317,3.98024,2.43892,4.29268,3.81832,1.59849,-0.40165,6.00397,9.56899,1.53013,0.89165
ind,India,2.14543,4.40562,8.35362,8.55168,8.30037,13.27071,8.6162,2.41538,3.34336,1.56224,5.32484,10.8396,17.82972,16.66752,-1.64868,5.98186,5.63723,2.46028,15.72804,11.50832,10.82758,8.09586,8.55286,7.92323,7.19379,6.7894,9.32789,8.23252,8.43681,10.6683,13.75182,8.96515,9.86178,9.98004,9.0627,7.57502,6.47627,8.01017,3.0684,3.64497,3.21562,3.71568,3.8678,5.72541,5.6219,8.40094,6.94442,9.19397,7.04037,10.52603,8.73358,7.93439,6.1865,3.33176,2.27959,3.23797,3.96926,3.88424,2.40552,4.81486,8.35491,5.89714,2.59195,3.20181
irl,Ireland,2.52392,4.88024,2.67143,9.66098,4.45389,4.44219,3.24189,4.23663,9.11139,9.7288,10.53919,13.38512,15.27258,6.08762,20.13334,21.02292,13.2686,10.52644,13.67606,14.70479,17.44255,15.18216,10.70887,6.37927,5.18633,6.5497,2.19741,3.24631,5.52176,-0.72918,1.8014,2.81222,5.17575,1.69453,3.034,2.29225,3.92926,6.55278,4.37619,6.87495,6.85969,5.1869,3.91173,0.51534,3.07321,3.4199,1.19849,-0.50453,-4.6246,-2.8583,1.86454,2.43515,1.33941,0.26093,8.90845,0.11937,1.49994,0.92434,3.3917,-1.92434,1.0981,6.76288,3.62187,3.34458
irn,Iran,-4.49823,-1.74839,-1.9001,0.62669,-1.57267,-1.73979,0.01836,-0.23719,-2.18961,1.55878,10.02901,9.09945,33.6209,58.32996,13.31372,15.00824,21.88782,10.85975,31.73047,35.23131,26.27384,7.37294,15.43299,17.74865,4.05449,12.23554,21.53342,20.0803,17.16001,22.7972,25.61711,29.34153,49.89681,33.93149,37.93749,28.83365,15.52809,9.38152,31.70785,24.92926,14.80542,28.27969,13.13639,24.70824,20.16619,14.58259,22.93906,19.42198,4.59852,15.88263,33.40953,18.95388,36.77563,9.75877,0.197,9.39978,13.03533,31.64118,30.53487,44.26498,56.31965,50.58525,30.49314,34.24434
irq,Iraq,1.33909,2.01537,-1.20056,3.02627,-1.29241,3.20586,10.63745,-5.01018,0.57477,4.35297,10.65004,-3.3821,8.75411,88.33255,3.88439,12.58586,9.65043,2.32695,31.66701,13.20175,-27.52259,8.33422,14.19169,17.02935,1.68905,-6.73152,9.89416,10.43125,8.40159,73.64539,111.12642,104.50077,114.46767,396.43802,295.36767,-12.54414,91.4988,-15.95043,71.1511,24.74637,-19.15081,8.16787,13.85612,17.30934,35.85339,23.05406,14.43904,30.17541,-19.5212,16.58674,24.68944,2.66977,-0.01133,-4.80664,-28.76014,-11.10417,14.65036,18.20399,-2.67444,-11.2202,38.89983,26.94161,-15.53472,4.36968
isl,Iceland,13.27085,11.14674,8.22791,16.21813,12.39204,10.42482,2.75596,13.74122,20.85615,16.44001,12.55332,18.33447,31.45642,37.6919,41.86725,32.73685,32.70595,46.2488,40.89738,52.4758,49.18541,53.64638,77.30507,26.88076,32.08454,24.58623,19.94649,23.13529,22.86841,15.17155,8.36534,3.44929,1.83185,2.60338,2.99757,2.47929,2.7541,4.71468,3.49824,4.02479,8.70375,5.87214,0.49186,2.67501,3.06586,8.61668,4.33315,12.13528,10.80471,6.36885,3.09667,3.44088,2.12454,4.14165,6.05452,2.26086,0.93699,2.63161,4.45678,4.01589,6.36884,8.85115,5.78752,5.85699
isr,Israel,8.60934,8.91004,7.69151,5.44308,-1.30786,8.73082,-1.68818,-1.39929,1.59626,9.59824,14.42674,16.60566,22.22982,35.50114,36.56715,31.37806,41.55834,56.15017,76.85826,125.36811,124.62123,127.24416,149.92092,384.77045,264.53668,50.15994,20.17887,19.16523,18.70287,15.93207,20.12977,12.05813,11.09025,12.53793,9.06924,9.27394,8.24153,6.77924,6.22023,1.98522,1.72526,4.72344,-0.65648,0.2284,1.03598,1.27587,0.78224,1.35923,4.42522,1.19086,1.44539,3.42156,1.87414,0.77627,2.36108,0.34866,0.00655,0.68524,1.9164,1.05711,2.29713,4.9353,4.54963,5.51536
ita,Italy,2.78216,5.79373,8.45786,6.48981,4.19704,2.2324,2.77526,1.73445,4.05132,6.86503,7.17884,5.63297,12.73863,20.24638,16.98309,17.45428,18.47716,13.94497,15.45103,20.81579,18.78723,17.54095,15.09674,10.76185,9.17464,7.48842,6.00928,6.6504,6.19739,8.91406,7.58133,4.36812,3.88595,3.54247,4.92524,4.37279,2.54415,2.36854,1.4773,1.75603,3.06398,3.30501,3.16726,2.62976,2.0842,2.21589,2.46674,2.40459,1.77254,0.59784,1.72878,1.70238,1.12578,0.90255,0.78278,1.24817,0.70982,1.07058,1.04701,1.5774,1.28332,3.45536,5.91462,2.11109
jam,Jamaica,,,,,,,4.24178,2.73481,4.10566,5.22593,6.92244,-4.90581,26.44854,31.08616,20.7427,11.13113,12.4865,26.5751,15.73694,18.28801,8.32434,8.31479,16.9606,35.9192,28.52885,26.86112,10.82259,12.05558,12.36922,25.11711,43.84229,60.03573,52.8064,31.10725,25.18685,18.87211,9.6087,10.57507,6.91606,10.58708,7.80737,9.08385,11.62406,12.8586,11.46874,8.84819,11.32081,13.54681,11.6565,9.81024,5.79619,6.5719,8.41582,6.92995,6.65541,4.66411,6.54983,4.99324,3.1825,3.46419,7.42596,12.7978,11.24614,4.8819
jor,Jordan,,,,,,,,,,,,,,,,,12.39383,0.44866,2.26433,6.63763,6.12339,6.43212,10.73015,2.49156,6.05997,7.76431,-0.2553,1.26995,15.63732,14.15127,5.43526,6.73868,2.96898,6.86173,1.88459,2.04657,1.24556,6.0044,-0.37321,-0.41387,0.77391,0.92451,2.14726,3.09508,2.00647,10.64945,5.04892,23.62468,3.1616,8.07746,5.91051,4.60682,6.14362,3.44532,2.16975,1.36201,1.78355,2.27305,0.84436,-0.70859,2.2036,2.61607,1.82792,1.8951
jpn,Japan,7.78572,4.19958,5.51047,5.32871,5.13686,4.97087,5.49539,4.91886,4.4334,17.39643,5.09135,5.60442,12.7054,20.81005,7.17744,8.00789,6.74911,4.60376,2.75163,5.43798,2.85766,1.75952,0.92075,1.42961,1.26062,1.61203,-0.16379,0.60979,2.06904,2.5644,2.90457,1.67727,0.52841,0.18681,-0.52346,-0.44578,0.50446,-0.02668,-1.24105,-1.33626,-1.08488,-1.39098,-1.6077,-1.12477,-1.19402,-0.86202,-0.70524,-0.91153,-0.56956,-1.88074,-1.62208,-0.75609,-0.35438,1.68629,2.1113,0.41994,-0.07435,-0.00024,0.6348,0.93391,-0.20384,0.39905,4.0682,2.87381
kaz,Kazakhstan,,,,,,,,,,,,,,,,,,,,,,,,,,,,,,,96.3565,1472.21636,1243.46166,1546.72682,160.88867,38.89963,16.13573,5.66284,13.28014,17.4264,10.15643,5.80322,11.73852,16.13163,17.87483,21.55171,15.5271,20.93654,4.69109,19.54229,20.54296,4.78557,9.49908,5.77124,1.82355,13.63843,11.21111,9.20561,7.63329,4.21086,13.93008,19.76901,9.52225,8.04961
ken,Kenya,8.66218,0.01831,-1.87732,2.69073,-2.05197,1.71379,2.40081,1.67884,-0.17987,15.31566,-9.21916,1.20525,10.20384,16.04927,11.83511,18.90617,16.89982,3.081,5.63864,9.55072,10.85308,11.59255,11.83804,10.19072,8.30578,8.71172,5.40195,6.45562,9.76901,10.6372,12.53196,18.89723,25.69848,17.01641,11.22107,41.98877,11.43522,6.9314,4.19394,6.07985,1.57312,0.93321,6.19731,7.12684,4.89965,23.53013,8.12949,15.15117,27.69682,1.6392,10.06501,9.52297,7.33756,7.63503,9.23865,5.84963,7.58193,4.21503,4.27523,4.94885,4.33075,6.95705,6.1078,6.31517
kgz,Kyrgyz Republic,,,,,,,,,,,,,,,,,,,,,,,,,,,,-1.87731,6.98603,7.9757,134.77157,830.11292,754.42796,180.87493,42.03109,35.34291,19.30955,9.07751,37.57444,27.16174,7.33297,2.0253,3.97456,5.10869,7.12862,9.39162,14.87655,22.21599,4.0353,10.0339,22.48184,8.65632,3.17519,8.41523,3.42729,6.05056,6.32715,3.44745,9.81131,5.34019,15.9928,19.65728,19.8592,4.74006
khm,Cambodia,,,,,,,,,,,,,,,,-1.1985,15.60147,-1.5629,13.70129,6.00902,1.21891,-3.52697,20.31127,65.3371,-9.33945,157.29039,79.59165,76.62171,19.0184,145.62986,107.44005,75.42175,107.4,59.96529,8.00418,3.0325,6.00508,10.35774,1.26155,-3.23184,6.39768,1.99308,3.27259,7.5028,8.0167,6.79729,8.60025,11.78843,0.75114,6.265,4.95077,2.63844,2.86905,3.29937,3.06936,1.58007,2.07651,3.81658,2.79256,-0.82428,2.64573,3.4889,1.01761,2.31446
kir,Kiribati,,,,,,,,,,,7.11338,5.2277,16.25528,12.98966,9.46099,9.17211,8.89635,11.85602,9.17443,-4.52914,-0.68954,6.33851,18.15558,-0.01981,10.01934,6.56854,7.16338,-4.89345,4.81195,5.01762,19.91294,27.56072,3.64919,3.67033,-1.80433,12.54188,2.61282,5.64253,4.60725,0.99933,0.32319,8.01168,9.44081,-3.90618,4.03376,-5.43652,7.31473,9.50279,1.99846,-0.85818,1.99869,-0.54207,-2.97924,5.00431,3.13926,1.71662,0.91706,3.86214,-3.28625,4.36703,9.05873,-1.95867,8.70355,2.01785
kna,St. Kitts and Nevis,,,,,,,,,,,,,,,,,,6.91511,10.62553,7.29119,16.35632,5.76683,-0.19415,4.25852,3.71191,6.19677,6.10622,7.01093,5.68894,7.60303,3.43922,5.29731,1.99085,6.27212,0.78351,0.64582,4.91515,2.80018,2.78002,-5.75137,3.33322,3.47602,1.66939,3.83915,-1.62377,14.16833,6.32438,1.35552,3.06968,0.62855,5.65965,-0.64344,0.3139,1.20096,-0.15623,1.20133,4.75052,-0.149,-0.02926,-5.79864,-3.21802,3.45827,3.338,-0.22419
kor,South Korea,12.89771,16.73237,29.98041,30.31565,4.73216,14.4968,12.95921,13.88148,14.09144,14.84365,11.20758,15.7804,12.72116,30.59537,23.68227,21.23693,14.4539,21.83573,18.53472,24.651,16.58578,6.4583,4.82029,4.4213,3.98544,4.96718,4.83111,7.12331,6.06513,10.08747,9.14103,7.77796,6.25452,8.15896,7.02456,4.11067,4.00329,4.47592,-1.22984,1.02177,3.4785,3.03314,3.44999,3.12788,1.0414,-0.2232,2.4192,2.8263,3.60864,2.7375,1.28186,1.25181,1.01854,0.9069,3.1856,1.98604,2.22278,0.48295,-0.83933,1.56375,2.76293,1.27552,2.06407,
kwt,Kuwait,,,,,,,,,,,25.77948,1.97111,17.27471,173.19502,4.24587,3.29111,9.73286,-1.95353,40.82343,40.43538,11.3091,0.76672,-9.27634,0.34769,4.86704,-25.70123,10.78249,2.96934,-1.72187,0.71741,-0.03305,1.83401,-7.38642,-5.87048,4.85051,15.51024,-4.71535,-17.15611,18.08936,20.52171,-7.71871,5.14829,4.92065,11.37127,21.77101,16.17636,4.30736,18.66294,-17.16654,11.10335,17.22754,7.48725,0.22302,-6.75796,-25.95833,-6.83784,16.23088,11.29917,-0.11045,-16.45836,29.42729,17.63352,-8.06536,-0.73272
lao,Lao,,,,,,,,,,,,,,,,,,,,,,,,,64.81469,51.11546,14.42772,25.84915,55.26652,37.90738,12.97176,5.99384,11.18258,7.7006,19.68536,13.72521,19.35282,84.50446,127.97397,24.79778,8.86807,6.31846,13.45009,10.69043,8.64032,10.8051,7.43829,8.86345,-2.93207,9.19657,10.46872,7.52886,6.47397,5.72656,2.3485,3.02231,1.8521,1.91989,1.19742,5.0345,3.71345,15.77395,24.42172,13.90879
lbn,Lebanon,,,,,,,,,,,,,,,,,,,,,,,,,,,,,72.99646,15.50185,47.65566,97.43382,24.74302,7.87372,10.67901,1.73811,11.54677,4.01792,0.81285,-2.08798,-1.52515,4.92119,1.58125,-1.23466,-1.06221,0.88074,3.13292,7.53328,10.28454,0.57861,2.96508,7.48605,2.57845,0.10528,3.33578,0.8713,2.74854,5.52249,4.09482,85.54204,150.00072,112.14948,202.9077,
lbr,Liberia,-5.75103,2.93351,2.0405,3.98192,-0.07118,-0.99646,0.02839,1.22443,3.35529,-1.31807,0.76587,3.48998,7.5528,20.12852,22.86596,-1.89827,11.03022,1.67504,9.91159,9.47952,1.20343,4.60261,-2.85185,5.26715,1.18542,0.47289,16.84706,8.95795,3.27009,-0.16733,5.54465,-1.06322,7.07611,5.34436,6.51068,5.46556,-10.00883,-6.6667,0.91775,53.81226,0.72003,-1.39273,15.51149,16.85828,0.49001,9.13488,12.01765,17.32635,-2.72284,6.512,10.92345,7.79716,4.71531,0.81792,0.06271,6.97296,-2.61793,-0.20987,-0.56043,-1.3806,5.35428,8.66621,4.81213,3.25169
lby,Libya,0.56989,5.3446,6.64134,3.62145,5.00275,8.02938,6.13518,5.48348,0.60624,0.082,20.4037,1.30915,22.52021,41.47948,-6.42697,5.64274,7.89297,-4.45892,26.60512,33.20217,9.90997,-9.71995,0.83522,-6.50407,-1.25257,-7.83798,20.90595,-17.77527,1.05786,4.70251,-5.12733,9.19711,1.63414,4.77733,9.58688,11.66194,10.41051,-6.62734,29.97836,13.30686,7.18487,27.2473,14.36257,22.60534,28.5685,19.67951,2.43939,23.70937,-24.84727,19.27855,24.34275,5.98193,0.08539,-1.0066,-7.04071,4.69231,1.80666,3.59757,4.17567,-4.75412,90.40561,42.6971,-5.34147,4.4626
lca,St. Lucia,,,,,,,,,,,,,,,,,,,,,7.356,-7.64121,2.39066,18.98653,4.45087,4.48351,6.2871,0.43789,3.94092,8.38222,5.48232,1.74518,1.00435,2.57871,5.06514,0.46197,2.8737,2.43024,2.33253,1.11583,-0.91214,0.41171,5.22452,0.70813,6.89694,5.17561,3.5909,2.53277,0.31844,5.42282,1.4124,2.01337,5.81548,3.96691,3.23666,-0.05669,3.45839,0.23147,2.38562,-5.40187,11.59556,4.21908,1.49012,0.96328
lie,Liechtenstein,,,,,,,,,,,8.24371,8.24373,8.24371,8.24371,8.2437,2.23043,2.23044,2.23042,2.23044,2.23043,7.01271,7.17686,3.21765,2.95144,2.8552,3.69822,2.51954,2.50531,3.14382,5.40244,5.87013,4.02355,3.30188,0.85236,1.79595,0.81542,0.51471,0.01463,0.81919,1.55252,0.98586,0.65082,0.63256,0.81017,1.19057,1.31488,6.58174,-2.11669,-9.90066,,,,,,,,,,,,,,,
lka,Sri Lanka,,-2.34661,3.31097,1.59871,1.16755,-1.80354,1.83888,12.09837,1.29849,12.50847,1.49845,8.96686,12.74859,24.37874,5.35029,9.97557,14.69108,10.91789,15.3973,19.97751,20.8853,12.10106,16.90683,20.30052,0.58391,5.91728,7.75149,10.11703,10.92316,20.06328,10.62402,9.40371,9.88439,9.77058,9.30344,10.81746,8.92447,9.21416,4.1627,7.27743,13.6648,8.11157,8.74866,8.80149,10.41873,11.27703,14.02844,16.32702,5.87988,26.93488,3.97993,10.46345,6.25289,1.92063,3.01438,5.44322,5.47285,4.29531,3.87053,3.10431,8.02109,47.46388,16.66747,3.83903
lso,Lesotho,1.34892,1.66744,1.59066,2.00049,3.43234,3.737,-5.76452,4.06738,5.7232,1.98182,5.9855,13.94212,6.96502,9.82034,24.76217,4.54295,7.47889,16.54644,2.42839,41.4595,12.57712,-4.85264,11.55684,8.10295,18.70778,16.25327,11.73578,20.0811,14.83928,11.9939,17.82722,13.93899,11.29797,7.76664,12.81652,6.00204,9.01894,9.92223,8.13125,6.30022,11.47305,14.20693,2.43881,9.60039,5.92284,9.31099,-6.68245,16.71982,2.34503,5.33711,9.42641,2.18205,10.2799,14.03515,10.20304,-0.29245,2.01891,11.72307,3.57545,6.54821,3.12378,5.53005,-0.3681,3.68059
ltu,Lithuania,,,,,,,,,,,,,,,,,,,,,,,,,,,,,,,228.33678,942.30657,306.19445,61.63525,38.04574,18.99944,11.37249,3.31321,-1.28275,1.33167,-0.31624,0.31515,-0.81234,3.12115,6.37315,6.48507,8.91211,9.71608,-3.08953,2.12172,5.62228,2.50518,0.83383,0.60919,-0.00225,0.98747,4.09579,3.59301,2.37586,2.03874,5.99977,16.06654,9.02176,3.39001
lux,Luxembourg,-3.65861,3.89467,3.14595,5.83432,2.79744,3.933,0.43097,5.01665,5.29301,15.02777,-0.81421,5.7888,12.20226,16.98071,-0.8553,12.2157,1.17219,5.12999,6.35442,7.92135,7.18203,10.81138,6.81868,4.40749,3.09249,-0.08377,0.06304,2.77642,4.02099,2.51339,1.82284,3.72907,5.97277,3.54238,2.33207,3.78356,2.61955,-2.03255,4.76462,4.60847,0.79007,1.46441,2.18598,3.11733,4.81733,6.45467,1.89248,6.60996,0.87069,4.64842,3.44946,3.26598,2.27603,2.7967,2.21918,-1.10762,2.1429,1.83959,0.91637,3.86906,5.90213,6.21752,6.29006,5.22636
lva,Latvia,,,,,,,,,,,,,,,,,,,,,,,,,,,,,,,162.58474,932.49463,53.69361,36.25179,29.32271,12.9642,5.78938,4.66925,1.32558,3.77492,2.6232,3.259,3.6455,6.92499,10.44534,10.22639,19.55049,12.3744,-5.73162,-0.48386,4.70811,2.87857,1.90053,1.66995,0.38689,0.60793,2.70924,3.74028,4.31638,2.39333,3.29734,9.83538,6.03924,2.57715
mar,Morocco,,,,,,,-3.74504,-2.27798,3.00815,3.4677,4.0652,3.58422,6.03939,23.89824,0.93132,4.97659,10.77097,8.41721,7.34461,33.02313,9.47048,6.29835,6.9702,6.20115,8.95364,7.49075,3.01481,3.6706,2.91998,7.69436,5.39632,4.58788,3.03498,0.65534,7.5384,0.43549,0.71339,11.65717,-0.12016,-1.7676,0.61452,0.95956,0.86041,0.91355,0.88622,1.44537,3.17154,4.83039,-0.45256,0.6475,-0.59884,0.53317,1.26026,0.21544,3.17294,0.96988,-0.06089,0.93918,0.81681,0.14242,2.4152,2.66186,6.36095,1.63085
mco,Monaco,,,,,,,,,,,5.98215,6.847,7.76755,11.36464,13.65686,10.79746,8.8012,9.16895,10.09788,11.26348,11.44112,11.98808,9.51721,7.27778,5.52682,5.27903,2.77799,3.07508,3.30509,2.64193,2.54194,2.13345,1.55286,1.34481,1.30792,1.60444,1.01334,0.90091,0.04727,1.39858,1.64885,2.37922,1.88128,-0.24125,2.0344,2.14693,2.5567,2.36325,0.11899,1.06946,0.94802,1.16157,0.77835,0.58684,1.13341,0.51633,0.58745,1.11478,1.20921,2.9793,1.22173,3.22095,5.3029,
mda,Moldova,,,,,,,,,,,,,,,,,,,,,,,,,,,,,,,139.82681,945.03052,860.45722,276.44113,38.73752,27.85198,12.50294,9.46173,39.78167,27.32875,12.08925,9.8274,14.86597,7.98709,9.34414,13.41814,15.90871,9.24425,2.16939,33.30493,8.1908,7.42422,3.92385,5.14321,11.57431,3.55087,6.25247,3.21103,5.35171,5.57501,6.38173,18.85532,9.27782,6.56536
mdg,Madagascar,1.78946,3.39093,3.67686,1.65271,4.34505,5.81727,0.67372,0.97085,3.86435,6.90456,3.58817,3.02433,11.90088,22.80444,4.69105,9.92709,8.59391,6.79487,11.32652,47.76091,30.45685,31.90661,19.46903,9.72047,10.56605,14.49232,15.46083,26.33756,9.01679,11.85871,8.54018,14.56729,9.98992,38.99213,49.03612,19.76082,4.49197,6.20997,7.18914,11.57035,7.91694,16.49853,-1.704,13.9558,18.36382,10.76564,10.28797,7.4863,6.92916,10.21854,10.38619,5.46617,5.4523,6.73177,6.50372,8.96008,4.96154,8.29799,6.52209,4.31115,6.2696,9.62606,7.46515,7.62723
mdv,Maldives,,,,,,,,,,,5.61167,5.30431,10.18196,18.08782,-0.07379,31.68569,-12.21276,4.21782,19.27976,-6.29296,-5.64238,4.81352,2.03395,49.15065,1.32301,2.76435,17.96077,4.53232,5.86515,2.50713,20.25525,12.64302,11.15381,8.36035,0.76766,4.65633,4.10041,-1.13798,2.75331,2.03241,50.89283,0.49754,3.11137,10.08306,6.75959,9.52063,10.71473,11.5686,12.63678,3.34375,12.34866,6.91054,6.73491,4.12564,7.43048,0.40443,2.12461,3.37644,-0.96336,-3.36532,2.82866,3.41293,1.88425,0.6778
mex,Mexico,3.41805,2.56077,3.21169,5.8002,1.55457,4.95699,3.17,1.02253,6.96981,2.68268,6.35865,6.53922,13.38737,23.13285,15.5826,19.36355,30.44224,16.00238,19.6733,41.40514,25.07555,61.08112,88.85988,59.26463,59.14952,70.85102,142.02534,100.57599,27.3944,28.10591,23.71326,14.81389,42.86762,8.36063,38.80923,26.69677,17.73369,15.71606,15.31908,10.69796,6.47301,5.50232,4.27967,8.11744,5.88498,6.10715,6.12779,6.31038,5.24348,4.37296,5.66963,4.54221,1.70388,4.36837,3.22543,6.07759,6.56759,5.2045,4.31901,4.61979,4.48797,6.63122,4.48312,4.93541
mhl,Marshall Islands,,,,,,,,,,,5.97597,8.22763,-13.09894,13.68262,9.61862,8.36955,8.68653,4.04141,12.61586,12.66847,9.11053,7.37839,3.51056,4.10712,3.68578,2.45388,2.86017,4.12325,4.75703,4.98988,5.04437,3.01393,3.03372,2.62469,2.80709,2.79596,5.95131,2.68098,2.51218,-1.11573,-0.31822,4.02303,0.94634,1.76653,2.01042,3.58585,1.35911,5.38222,-0.5088,0.95551,7.49237,6.24653,-0.63056,1.05832,-3.06452,7.16941,2.25842,-2.40704,-4.15427,6.78234,5.77905,-1.01768,6.51975,5.20582
mkd,North Macedonia,,,,,,,,,,,,,,,,,,,,,,,,,,,,,,,93.92132,1271.66404,442.12942,151.88571,17.09162,2.86482,3.92929,1.39171,2.73807,8.17838,4.71896,0.94397,1.65165,-0.16604,4.8959,3.25262,4.59255,5.49119,0.29508,2.04128,3.72217,1.003,4.48329,1.44697,2.00342,3.46525,2.80703,3.92616,0.86817,1.37428,4.28553,8.87369,7.76657,2.86951
mli,Mali,,,,,,,,21.08645,3.58936,6.02974,6.69544,6.47231,3.95723,4.81805,22.98914,10.94634,8.06395,8.56215,11.42125,14.50165,10.80851,13.1537,10.8174,9.252,-3.48249,-0.1383,-1.90653,-4.25293,3.41538,7.60211,-5.81606,0.73882,3.23509,39.56235,15.80898,-1.65212,5.5802,1.73958,16.28605,-0.61973,4.67836,3.51288,-7.59428,35.10763,4.73018,2.74839,2.44084,4.2347,3.48958,3.12168,7.591,4.64225,0.05369,-0.17489,3.91587,1.60006,1.67389,1.47979,1.00125,0.47328,3.83079,5.71769,2.19185,2.80225
mlt,Malta,,,,,,,,,,,0.63319,-1.22328,8.68678,3.36372,5.36324,5.02671,4.92053,4.15498,6.20648,12.39257,7.78034,3.44169,-0.30548,-0.17665,0.63651,3.51771,3.05147,1.85956,2.14704,3.15105,3.35087,3.55442,2.85451,3.56174,8.67597,1.37937,0.78672,1.3769,0.5482,-9.89869,4.37036,2.63276,2.03509,2.51336,1.96457,2.27231,2.24029,3.37328,2.24642,2.76563,1.48287,2.15974,2.25575,2.27101,4.20024,2.12565,2.13503,1.79842,2.5064,1.86421,2.44759,5.07175,5.27725,3.23108
mmr,Myanmar,1.44944,0.60085,0.94378,-3.71634,1.6911,3.55521,15.99159,1.69284,2.76225,-1.42861,-2.30943,0.75549,10.00483,56.5209,16.49667,10.12872,1.9218,0.79736,5.61665,1.23518,4.42518,3.37447,1.95734,2.51789,1.56725,6.55451,21.23842,25.19562,57.68448,18.5396,23.74884,21.74547,36.24943,22.08015,19.60084,23.03749,33.79422,35.82524,22.64049,2.46177,24.84446,41.50893,20.49654,3.60113,19.16353,21.3005,23.64391,13.61866,4.8786,7.04321,10.25458,3.1301,4.37807,3.91023,4.1367,3.61568,5.87341,5.34109,5.42293,5.34411,19.51721,6.16372,10.78767,12.05752
mne,Montenegro,,,,,,,,,,,,,,,,,,,,,,,,,,,,,,,,,,,,,,-1.8258,12.15935,32.8965,20.20475,3.07516,8.32077,5.88573,4.33458,10.10696,16.04154,7.62913,2.40791,1.6042,1.2027,0.17702,2.06697,1.03623,2.21957,5.10107,3.82497,3.22611,2.02215,-0.17561,4.72624,12.35532,10.54297,3.95636
mng,Mongolia,,,,,,,,,,,,,,,,,,,,,,1.98142,0.90425,-3.08759,-1.44806,-9.17236,0.80979,0.93099,7.14774,23.24293,93.31995,173.69068,318.89723,64.31939,60.27243,10.80757,21.67213,-1.9318,10.88176,11.99969,10.44854,6.36969,10.23657,16.69147,20.09844,21.98677,11.62857,21.44875,1.8267,39.17819,15.11927,12.78438,2.90785,7.44884,0.60977,2.99313,10.80045,7.96062,9.97221,3.70672,14.42007,17.71471,21.76903,8.24243
moz,Mozambique,,,,,,,,,,,,,,,,,,,,,,,,,,,,,,,,37.81017,42.9563,50.24105,51.45986,48.81796,10.54505,6.15846,8.93779,11.61555,14.78207,9.83188,3.64015,5.79426,7.33105,7.46134,7.43628,5.1528,1.47137,7.64523,2.34836,3.17523,2.60124,1.08587,7.05995,12.16089,7.97801,3.79512,4.67765,3.17166,4.55057,9.15161,5.30134,5.06568
mrt,Mauritania,,2.43266,4.45524,4.53401,-2.06544,4.14308,2.38156,-0.01159,-1.53887,0.12816,6.27195,7.12222,16.51272,12.68437,15.00437,6.03064,6.38654,2.4892,12.23492,6.54745,7.2651,10.08596,7.2558,10.91261,10.24493,7.26025,10.46213,5.38319,7.97612,2.64248,41.4131,5.74194,11.91288,11.0926,2.84192,1.85706,12.07706,18.45161,4.77452,6.35159,5.82662,6.71479,4.48548,10.93754,14.58526,14.09106,8.89559,10.71632,-0.35893,22.34317,17.54777,0.45584,4.48797,-11.87632,-4.79391,11.21013,1.58394,4.55446,5.32804,6.44087,7.46487,-0.61236,3.37148,4.32105
mus,Mauritius,-3.70009,2.29378,12.71088,-7.37746,1.8197,2.57765,1.78582,7.06852,2.20819,1.56964,6.2364,13.83473,15.49565,59.57721,5.26158,-5.06651,8.57941,10.7518,17.93647,26.56957,10.8639,8.86524,8.4367,7.46367,8.19952,8.02256,12.915,10.88646,11.04756,10.58363,8.56428,5.3554,9.22022,6.55543,5.4032,7.00204,5.12077,6.96358,6.57191,3.40993,6.23201,6.21928,5.62319,6.84545,3.9481,9.56788,8.30832,5.68669,-0.6542,1.12642,3.16146,2.46552,4.13433,2.1683,1.39953,2.38463,1.63651,1.67539,-0.46584,2.57304,3.1572,9.58265,6.58941,3.85072
mwi,Malawi,,,,,,,,,,,,,,,,,,,,,16.40574,9.66326,11.22978,12.77205,8.93083,13.50928,16.72387,31.09181,22.50949,10.66089,10.69231,13.27642,28.17466,26.17188,77.2196,52.34559,20.83485,19.54848,39.69077,30.53395,25.62247,112.69365,10.3461,14.84663,10.74124,19.96726,4.09972,11.96467,7.89982,12.12722,13.99024,17.63976,27.04629,20.96928,19.81467,20.29268,10.57692,6.15235,7.72856,6.2183,8.15297,17.16683,22.80672,27.32999
mys,Malaysia,-7.75858,-1.11095,16.83763,1.12673,2.6524,-1.37754,-2.32309,-3.28069,4.90597,-0.50944,-0.46865,0.34384,17.87412,12.70924,-3.07758,12.72616,6.86512,9.84038,12.05948,6.87508,1.06002,2.55906,5.91039,4.79278,-1.60592,-8.71732,7.66671,3.62003,4.4617,3.80781,3.5847,2.41424,3.98697,3.93733,3.63342,3.6799,3.48235,8.49872,0.04545,8.85522,-1.58187,3.12888,3.29893,6.00928,8.86259,3.98093,4.88132,10.3889,-5.9922,7.26685,5.41241,0.99993,0.17447,2.46747,1.21806,1.65826,3.77896,0.62467,0.07183,-0.81801,5.67594,6.40349,-1.87226,0.78251
nam,Namibia,,,,,,,,,,,,,,,,,,,,,3.66573,16.97931,13.3249,12.73476,23.93585,10.08293,9.39995,20.1526,15.07265,6.38836,5.9869,10.26809,10.36195,20.45909,6.68151,15.17618,7.11317,8.26955,6.78526,11.28113,11.20376,10.0036,1.27111,2.04025,5.59808,9.40659,9.28643,10.96141,6.9454,3.7259,3.81488,11.26031,4.03979,8.23489,3.86457,7.96867,9.91904,4.42849,0.92632,4.63153,1.53433,6.41674,6.59888,3.25015
ner,Niger,3.39385,-0.84279,0.7615,-0.719,8.07682,4.95789,-5.21908,-3.41981,8.44311,7.13664,0.59983,3.36118,35.8375,7.64726,-6.3928,12.41635,15.74779,11.21135,4.58652,21.09482,11.49999,10.00002,7.79998,11.71749,-5.90018,-4.20028,1.68456,-5.3,1.39999,39.35995,-2.64074,-5.20194,-3.86881,22.21437,4.24946,6.96863,6.99168,6.07816,0.37975,3.17839,5.01252,2.5723,-0.18848,0.38694,8.58488,1.4962,7.03666,10.12912,4.19006,3.47504,3.97161,5.30834,-0.36917,-0.40568,2.24943,1.79272,0.36828,2.40369,-0.02438,1.16298,3.11865,4.019,3.48831,7.87247
nga,Nigeria,6.25717,5.5653,-3.09475,2.42781,0.86444,13.19287,-3.00671,1.22055,2.70631,51.27848,1.34803,2.89287,5.34684,43.94637,23.50079,14.35319,10.71375,13.91475,11.48876,12.41966,219.00284,14.80255,19.56895,5.65366,6.92777,5.41545,19.66948,20.17713,28.96967,6.66894,18.86391,46.75236,41.63906,43.29646,75.40165,26.49109,5.05535,6.00934,13.43057,22.67374,10.07648,21.10905,9.80432,22.36834,19.85849,23.86438,7.09973,7.92139,0.6861,16.34277,9.77846,9.94764,4.96475,4.66262,2.86367,9.54367,11.11892,10.22849,10.38478,7.84914,10.13103,11.31133,12.62187,14.45007
nic,Nicaragua,-0.04737,-0.53547,-0.40819,4.52064,0.84047,3.66107,1.26634,4.48996,1.17181,2.43874,3.03166,4.25073,16.66421,21.79129,4.73203,10.434,11.85247,3.77127,31.65848,36.97863,11.72112,16.74572,11.00199,38.962,167.18897,281.4602,523.08095,13611.63482,4711.16955,5016.10795,4523.63188,23.66531,20.39163,133.7048,13.39268,9.60681,9.77799,14.02849,9.22623,8.56623,7.24151,3.24838,5.33108,9.0509,9.86709,7.86791,9.67391,16.19915,6.0363,6.13809,10.21483,6.24336,4.34916,8.39274,7.58849,4.58974,4.12385,2.65826,5.39539,6.28534,3.52199,8.38533,10.78177,7.30971
nld,Netherlands,5.26406,0.75871,4.69947,8.67799,3.3718,5.98329,4.20762,4.19666,6.40997,5.6449,8.79003,8.16162,8.481,12.89565,8.09539,8.99324,5.34465,5.33489,4.77106,6.22537,6.39009,4.62366,1.38907,2.30711,0.86588,0.2117,-1.04763,0.81964,1.34807,1.55975,3.11705,2.49574,1.59751,2.06273,2.06462,1.16576,2.69189,2.06752,1.29981,3.27013,4.37499,3.87769,2.28609,1.19745,1.97959,2.57662,2.04943,2.41227,0.43766,0.71027,0.24266,1.32913,1.14493,0.34408,0.88843,0.56554,1.43933,2.5334,3.02788,2.35573,2.74734,6.15557,7.34374,5.19981
nor,Norway,2.64763,4.76642,3.3927,4.72213,4.77463,3.97708,2.96498,4.42388,4.19554,12.87457,6.38311,5.51749,8.68457,11.37204,8.88515,7.84057,8.16973,6.26049,5.7026,13.1265,12.87915,10.50997,6.96216,6.21006,5.19792,-0.5508,7.22119,4.86852,5.61227,3.81157,2.2118,-0.63976,2.29292,-0.156,3.06142,4.26155,2.78571,-0.69259,6.62302,15.33331,1.71264,-1.52021,2.86082,5.85021,8.763,8.73219,3.07766,10.56638,-5.11594,5.95536,6.67279,3.35309,2.55324,0.25833,-2.80447,-1.5981,4.08095,6.74292,-0.54844,-2.51726,20.21348,28.41679,-11.0768,-0.20467
npl,Nepal,2.688,5.89709,3.56993,1.19472,12.88519,15.21881,-5.66767,11.06583,6.56383,7.04833,3.17218,12.50268,-3.39731,20.82567,27.52275,0.54404,-3.56482,9.37121,9.97836,7.60955,7.93736,9.34741,12.28869,6.37795,11.42183,14.39257,12.6968,11.81531,11.25837,10.71589,12.54464,18.48909,10.77491,4.81599,6.30086,7.82304,7.27909,4.10785,8.88705,4.47243,11.01715,3.93486,3.0703,4.16643,6.11939,7.36004,7.60329,5.61985,15.90833,15.14693,26.39731,7.74115,7.08265,8.03537,4.40905,7.15033,8.26141,4.35586,4.69116,3.2174,6.76271,8.24119,5.74903,2.61301
nru,Nauru,,,,,,,,,,,5.14286,6.52174,8.16327,14.62264,16.87243,11.97183,13.52201,8.03324,8.71795,10.84906,8.7234,10.76321,11.13074,3.97456,6.57492,8.46485,9.25926,7.14286,7.57062,12.6,14.41648,18.62391,11.11106,-3.56786,1.76814,4.05422,6.12224,3.9336,6.7282,5.56672,5.38906,5.8852,5.61345,5.62932,-5.98603,-10.67802,-3.11934,17.41679,52.59008,-9.77529,7.72692,17.54465,-9.19199,0.4277,-8.18935,26.25109,14.92356,18.47244,-4.72851,4.33105,18.08158,-13.36534,6.59679,6.81031
nzl,New Zealand,0.21246,4.51698,2.95556,3.26533,1.85915,-2.39768,8.70035,5.80989,0.92571,13.30559,13.88027,9.24359,8.42516,3.66619,14.62591,21.49187,16.6141,12.98151,14.22515,14.90432,16.34697,12.08535,7.72527,7.79951,13.6341,16.94814,11.47107,7.90755,5.63954,2.42359,0.89033,2.00142,1.47968,1.90698,1.43109,1.39309,1.56181,1.05119,0.58469,2.88488,3.8614,0.29841,2.06932,2.75901,2.00058,2.70963,5.30959,2.74201,2.63536,3.15973,2.4727,-0.17892,4.18336,0.44762,1.46397,2.42048,3.61462,1.76018,3.13993,1.91745,4.56345,5.89147,4.14985,3.60145
omn,Oman,2.00213,2.60017,1.85248,3.1939,1.80625,1.78242,-3.54262,11.51658,1.11298,-6.2295,16.09206,2.48097,40.30949,200.98638,2.37423,1.30002,6.0001,3.80228,30.58227,51.10503,3.67986,-6.72021,-9.99902,-4.7183,-0.512,-20.6347,11.17785,1.31897,,42.20456,-8.50227,1.27342,-5.38735,-0.45159,1.75871,7.41278,-2.23415,-11.00169,10.81788,17.54502,-4.64093,4.69302,9.63837,12.49651,21.73356,14.5638,8.05873,32.64975,-25.04215,14.37499,15.88449,3.60643,-2.22041,1.7573,-19.14647,-9.13628,7.29794,11.73229,-2.66623,-10.78356,12.14105,16.49632,-4.73312,-0.67401
pak,Pakistan,3.64646,0.15995,-1.14927,4.48845,3.16588,4.60066,7.93964,0.46929,2.33557,3.70835,5.87049,6.77458,15.30147,26.0737,21.0981,11.50246,10.50667,8.98235,6.5334,9.00821,10.07734,9.37165,5.27408,9.65355,4.53494,3.292,4.51821,9.61756,8.58505,6.452,13.49242,10.20141,8.83855,13.02842,13.00648,8.37361,13.38351,7.52604,5.86229,68.01044,6.01279,3.92138,3.55266,7.25134,5.55608,5.99764,10.33132,10.92047,12.37463,10.58864,16.41096,9.91832,7.38311,7.20977,4.44198,0.92216,4.02975,3.84179,9.03633,9.9445,10.26734,13.93701,25.98997,21.8674
pan,Panama,0.53493,0.57162,2.11646,2.82429,0.62006,1.27763,2.58867,0.56412,1.20819,3.42244,2.90334,4.99802,8.54223,11.61138,9.38283,4.53451,4.6568,7.92136,9.24522,10.1405,3.64217,4.87168,7.49696,1.62926,0.80957,0.33845,2.2893,-0.19193,-1.27656,0.56521,0.4928,5.06106,3.5547,3.67975,0.46671,1.94662,1.53749,1.07333,0.57657,-1.52251,1.42994,1.91507,1.11618,2.61338,1.67574,2.1747,2.85775,7.47647,6.33341,2.5507,5.4877,6.31829,6.15794,4.69412,3.01479,2.47502,1.79469,0.70054,0.53835,-0.49469,1.41512,2.17181,1.70674,0.65101
per,Peru,3.10333,3.01286,5.0138,13.55759,12.27796,9.31691,10.11511,18.29579,8.13843,11.98109,6.64034,7.12949,12.57553,15.23344,22.19157,29.71292,35.74134,63.73822,76.34985,37.92997,65.33058,66.66333,107.39685,108.47753,165.73497,68.36351,85.64964,586.27873,2572.32593,6261.23956,378.04058,69.26062,46.38468,26.68824,13.5788,9.68774,7.28313,5.37109,2.93455,3.52472,0.45525,0.10902,1.80372,6.27904,3.50372,7.65625,1.49068,1.10328,2.0637,5.71073,6.74579,1.20258,1.05723,2.43244,2.69052,3.08088,3.61566,2.27742,1.87222,3.71917,10.06351,4.51339,6.3354,5.15659
phl,Philippines,3.11571,6.72768,8.90967,4.58145,3.88983,5.36747,2.12039,6.3924,5.91111,15.30218,14.51877,6.57683,17.10784,32.89028,9.4796,8.38285,8.3668,9.35615,14.94097,14.23459,11.76475,8.64351,14.24822,52.95945,17.06101,2.89194,7.49713,9.75996,9.09994,12.95684,16.39512,7.88186,6.80962,10.06023,7.6423,7.68897,6.25982,10.40567,6.33464,5.81693,5.61886,4.23109,3.19213,5.89076,5.91089,5.11159,3.16429,7.17922,2.73826,4.37088,3.91881,1.99418,2.06106,3.05306,-0.71968,1.28031,2.32026,3.74065,0.69708,1.65049,2.28248,5.48865,4.60143,2.91419
plw,Palau,,,,,,,,,,,9.75348,9.46046,9.63355,9.77771,9.89791,9.99815,8,10.5,10.5,10.5,10.5,10.5,8,8,8,8,8,8,8,8,3.96164,5.04892,4.97507,2.55225,2.81283,2.91167,2.27777,1.59577,2.25287,6.46792,0.12384,-2.85839,-1.81832,3.57524,11.02808,1.50287,1.94173,5.95225,1.84208,-0.06453,0.54008,7.14905,7.71198,2.99109,5.97864,7.46601,-1.03885,0.9206,-2.484,-2.27747,5.59289,9.8633,8.24171,
png,Papua New Guinea,0.03628,0.2865,1.52572,1.9,2.2316,7.36065,8.55746,5.24929,4.93754,5.65136,3.41353,7.13257,19.73751,8.92003,2.26931,19.71806,7.43783,-2.03047,16.09984,7.09132,-1.3036,3.6788,18.65996,7.43829,1.62014,1.35687,7.9716,7.92424,-2.54065,4.13823,6.99485,2.87598,-2.4958,7.25309,15.85133,1.81188,8.42636,14.54385,11.06889,13.10242,6.91391,12.29043,5.53934,-1.99237,12.18238,60.51429,2.79525,11.66544,-4.87931,9.91716,8.83317,-0.57472,3.58694,5.43739,-1.23112,2.51785,7.69954,9.79761,1.06226,1.6345,11.59527,15.02882,-4.34178,7.94542
pol,Poland,,,,,,,,,,,,,,,,,,,,,,,,,,,,,,,55.25599,38.62547,30.6428,37.23403,27.44362,17.98121,13.7054,11.04761,6.17757,6.05771,3.2016,1.81507,0.77466,4.93312,2.62309,1.75153,3.79514,3.9343,3.88765,1.57922,3.06571,2.18343,0.27098,0.48227,1.32071,0.08286,1.7702,1.227,3.02645,4.23859,5.34024,10.68958,9.86569,3.58714
prt,Portugal,1.41177,0.6767,0.5678,2.00839,3.87216,5.26324,3.93666,1.67281,7.3972,1.96506,5.01669,7.80461,9.46628,18.86525,16.23038,16.27413,26.40005,22.34827,19.43742,20.90303,17.60892,20.69033,24.60526,24.67572,21.73456,20.45113,10.09679,11.16539,10.51381,13.14465,10.08618,11.44603,7.37643,7.27763,3.42862,2.39099,3.88521,3.82503,3.37053,3.42027,3.71598,4.18978,3.42715,2.39961,3.3329,3.18454,2.96635,1.73772,1.09813,0.78214,-0.26044,-0.3764,2.27439,0.72446,1.96245,1.85409,1.5322,1.85237,1.83437,2.10314,2.01978,5.3275,7.02715,4.43053
pry,Paraguay,6.68482,8.42128,1.64591,2.06774,2.31843,2.97677,-3.11587,0.51894,2.63979,1.26435,5.90078,8.52315,20.64109,23.58752,6.07569,4.54051,10.44844,9.21736,19.32127,16.53494,15.82617,5.47462,15.90782,28.84209,26.13133,26.89675,27.96907,27.23552,31.45492,36.60753,25.11984,14.08292,12.22003,12.57337,11.07643,11.42145,3.41099,16.25858,10.68013,14.66451,13.9356,17.94938,15.14432,11.83501,12.95282,8.85583,12.63551,12.22476,3.64796,4.6557,5.09571,4.79828,4.33768,2.85701,1.60389,4.13475,2.15921,1.96025,3.06188,2.20392,8.44813,8.05446,2.17499,2.58686
pse,Palestine,,,,,,,,,,,,,,,,,,,,,,,,,,,,,,,,,,,7.78538,2.61624,-3.83425,-5.37213,-3.02949,10.44161,2.34519,1.48692,-2.12543,-4.8546,0.05622,5.39312,4.77023,17.00836,1.85273,13.19632,5.41982,2.86773,5.73837,3.67223,-3.70701,1.27802,3.22541,-0.30199,3.84947,2.2209,8.95397,1.68266,-2.42974,4.60149
qat,Qatar,,,,,,,,,,,16.43832,9.45107,27.96013,182.0383,-1.59017,21.63576,18.69666,0.75547,28.581,36.08562,9.13167,-5.81641,-13.28053,-0.95186,-6.23193,-22.04079,7.7371,4.68405,1.154,9.70275,-4.89874,-0.22576,-5.14575,1.6027,7.7672,6.65756,-4.07897,-18.38217,15.87947,32.65461,-4.95194,3.00901,17.17647,13.10678,30.5427,8.36161,10.96986,22.89956,-24.2181,6.97933,18.27017,6.32996,0.76749,-1.48275,-25.12981,-8.9767,7.78757,12.4144,-4.45591,-15.10042,22.46602,25.87692,-10.69348,-0.41875
rou,Romania,,,,,,,,,,,,,,,,,,,,,,,,,,,,,,,195.00398,199.8589,227.30874,139.02307,43.93347,44.00228,135.3384,48.13452,49.52246,43.18085,37.95625,22.71427,23.15326,15.4566,12.00699,10.60658,15.81623,16.01489,4.09158,5.93211,3.98255,3.81024,1.39459,1.71417,3.26453,2.61992,4.65131,6.18675,6.94651,4.11052,5.61026,12.09196,12.76994,8.80981
rus,Russia,,,,,,,,,,,,,,,,,,,,,,,,,,,,,,15.90291,128.62977,1490.41842,887.84074,307.29806,144.00687,46.03638,15.0585,18.53897,72.38661,37.69793,16.47962,15.66191,13.65714,20.25515,19.27943,15.12041,13.84124,18.01352,1.97061,14.19111,24.46009,8.90787,5.32014,7.49007,7.24974,2.84422,5.34982,9.99798,3.26313,0.89825,18.2091,18.18469,7.99857,9.27567
rwa,Rwanda,7.12471,-7.97133,13.55123,16.025,6.96386,36.85927,36.96647,0.84849,-1.28413,9.93641,-0.11387,1.84633,3.91625,15.90691,87.96915,-1.89109,13.51147,3.66474,6.06529,3.06478,7.7107,4.88318,2.44921,16.85669,4.56413,-7.02173,0.66528,2.22538,5.29709,13.46147,14.97894,7.28328,13.8705,17.1913,51.26658,10.92142,15.6215,2.2282,11.10694,3.2754,-0.39259,-5.22721,20.3613,11.09491,9.03081,2.4616,12.93604,14.45403,7.14766,3.18717,7.19148,4.72283,2.6897,4.73237,0.48593,5.03012,8.16263,-0.60333,2.47117,6.71184,2.94542,15.81131,11.94884,3.76208
sau,Saudi Arabia,-1.78627,-0.89387,-4.68474,-1.2212,-0.44043,1.95375,2.39764,19.42851,1.01667,-21.44078,15.61467,4.60463,12.91583,150.63171,7.98185,19.18092,9.30822,4.16045,24.15868,37.62509,10.58332,0.45621,-4.55401,-1.59779,-3.79339,-15.28283,2.88525,-3.38909,7.58493,12.74632,3.8672,-0.862,-3.37232,0.70012,5.71319,7.14635,1.90399,-13.85886,10.88222,11.90917,-3.17109,3.68341,4.64324,10.36881,19.72884,11.00533,8.04655,17.70289,-16.55884,17.19133,15.30397,4.45134,-0.55744,-1.69626,-15.82693,-2.26185,6.28579,15.86259,-1.36671,-10.18849,20.12699,12.58321,-2.18445,-0.24876
sdn,Sudan,8.54275,1.59305,4.71082,3.90598,-2.39468,6.40435,6.75979,2.36764,8.60746,7.32064,6.56187,14.30545,23.15158,15.43909,5.28427,6.86602,17.404,24.90992,23.97488,22.02657,24.97718,30.59025,26.05806,33.63688,46.16915,28.64256,25.89135,78.8626,36.73865,66.23559,88.77285,109.23366,97.48735,159.26697,104.55503,32.56226,37.92117,17.66227,15.82358,9.85314,21.13399,10.80124,9.79992,17.274,18.0544,7.65225,15.30662,8.89102,1.86213,22.66942,26.32835,30.12859,36.42863,34.06699,14.02256,20.68559,34.62237,55.97533,51.97889,115.65292,235.51544,116.87408,29.68967,243.66911
sen,Senegal,2.46858,2.53925,1.48656,1.99535,0.45282,0.41622,1.333,-0.54237,6.86678,2.04286,3.00181,4.10364,7.6844,16.7612,11.62914,3.78921,8.16395,6.77263,9.70658,5.45604,11.04779,9.72206,9.29205,7.72247,8.89221,5.53608,-1.73595,-1.14033,2.17023,-0.16687,-0.92368,-0.82747,0.08427,34.04137,7.11301,4.16152,1.97783,2.77903,-0.52545,1.30866,6.99494,1.90465,-0.92288,-0.13494,4.72088,2.88549,6.58871,8.21654,-1.68904,1.60442,3.85747,3.27411,1.18613,-1.51586,1.06978,0.95565,0.59892,-0.83964,2.0858,1.60273,1.44731,9.34702,3.05251,-1.69637
sgp,Singapore,0.33181,0.46858,0.92532,0.56462,1.08281,2.10099,0.36176,1.43729,2.27723,1.54696,4.85355,5.72602,13.20985,16.31557,2.88903,1.71985,2.00668,4.04188,5.2354,11.12711,5.87549,4.53296,3.17144,0.78792,-1.46548,-1.25282,0.53243,5.43072,4.15917,4.69742,4.43535,1.3877,3.45619,3.46274,3.17628,1.50622,1.08499,-1.32885,-3.57783,3.86348,-1.81443,-0.89692,-1.79905,3.95953,1.90052,1.84418,5.91682,-1.38156,2.95392,1.10781,1.1708,0.49535,-0.43106,-0.26727,3.07196,0.52202,2.86329,3.60726,-0.4249,-2.3929,10.92929,14.92141,-5.01864,3.24187
slb,Solomon Islands,,,,,,,,,,,,,,,,,,,,,13.14434,12.99768,6.95012,10.92232,9.40919,5.09797,11.49426,16.81205,3.45364,34.10694,7.24567,13.15705,17.01861,27.93709,9.53882,12.08389,8.47322,11.15268,7.67458,5.55906,9.907,11.2791,25.88708,3.76284,10.69931,8.34372,9.29435,6.42916,4.87313,1.74528,4.47683,4.65219,2.35227,3.67028,3.35777,0.34494,2.57669,7.85787,1.2413,-1.32592,-5.50475,2.01661,6.07879,4.36583
sle,Sierra Leone,-0.00033,0.00011,0.00016,-0.00028,5.1971,2.73347,-5.85071,6.66687,14.16508,-2.14234,-6.92952,5.95037,23.2252,14.16081,8.86881,8.28418,19.74686,23.85014,11.53573,-6.00875,8.69831,18.50163,19.43896,39.76726,68.88971,78.5038,165.67665,64.28824,61.49128,70.59155,128.76167,82.02358,26.73632,25.06204,33.59799,29.58049,2.25277,23.77512,17.19385,3.28114,168.05301,-3.93417,13.19769,12.82645,16.61577,26.03668,8.13419,10.24489,6.34199,19.12312,15.34256,14.10957,6.25645,16.04491,3.61332,4.34616,7.49881,16.02073,9.95949,13.32134,7.47031,26.90283,29.11777,20.00153
slv,El Salvador,,,,,,-1.17532,-0.39351,0.19483,0.42543,4.83751,0.80646,0.40032,8.84137,9.64915,9.88798,17.63421,18.32163,0.96001,15.56241,22.60129,2.00939,5.5529,1.589,3.05409,3.15378,-0.94816,2.37394,3.90576,3.3554,5.10573,7.4204,3.41992,8.59328,9.80413,10.92903,6.58172,3.38381,4.2301,0.99411,3.27263,3.31363,1.51063,2.96567,2.71767,4.29476,4.33269,4.39536,3.5023,-0.0339,2.59792,5.95334,2.47555,0.63131,0.99323,1.30762,0.65775,0.98657,1.71626,0.84801,0.65351,4.14207,6.58456,2.59375,1.81413
smr,San Marino,,,,,,,,,,,,,,,,,,,,,,,,,,,,,,,,,,,,,,1.82752,1.55464,2.56773,2.70348,2.38677,2.45183,2.01088,1.66788,2.01207,-1.97239,2.83197,0.99938,1.43036,0.1527,3.12004,2.00062,0.38864,-0.7427,1.31671,1.74336,2.0643,0.9141,0.34458,1.84143,2.76467,,
som,Somalia,9.7876,-0.82403,3.29617,13.10343,12.89492,-3.20637,-0.32441,3.39738,6.52238,8.61213,-0.56654,10.00189,10.62811,17.7279,15.28723,17.26958,10.37008,12.30938,15.67701,89.60002,19.69214,28.43301,36.47116,71.6084,28.01812,39.06043,29.70612,63.93232,102.70447,215.83021,35.52901,25.0005,54.66349,55.81475,31.5,29.93238,33.61111,21.95565,14.38769,14.6098,8.24339,7.72047,6.27947,6.79562,16.0638,-6.86777,3.51717,2.05989,2.37613,-15.3469,-2.8878,5.77054,-10.46682,8.91791,6.96943,4.08089,0.58066,4.97913,11.86341,5.36279,7.38789,7.91417,4.66592,9.65645
srb,Serbia,,,,,,,,,,,,,,,,,,,,,,,,,,,,,,,,,,,,85.58419,17.89929,24.58167,28.86935,79.21835,84.15274,19.10171,12.52869,8.12866,13.88566,13.83923,8.83169,9.49839,8.43693,4.95031,11.00232,6.04404,7.80109,2.90941,2.16912,1.54383,2.99735,2,2.34783,2.64936,5.68405,10.51592,13.84023,5.22726
ssd,South Sudan,,,,,,,,,,,,,,,,,,,,,,,,,,,,,,,,,,,,,,,,,,,,,,,,,-11.82933,12.9264,38.83334,46.5069,36.51216,-26.70028,17.68933,,,,,,,,,
stp,Sao Tome and Principe,,,,,,,,,,,-6.19414,3.61304,20.58951,1.23133,-0.83023,0.81673,-4.80766,4.65,-0.53104,24.63998,25.90393,-0.39285,0.46932,15.58758,-2.24529,28.73477,44.75412,33.32198,39.35751,42.23904,25.34519,39.55872,75.38763,74.18961,50.06392,99.23596,39.11398,16.00002,7.9048,9.97602,7.18447,11.51481,13.8398,14.83934,19.09257,13.325,9.60258,28.82829,13.95335,6.96532,11.6807,6.46776,7.20256,4.6227,4.5037,7.05347,4.08077,8.91966,11.26437,9.26828,5.16434,15.78065,21.68848,14.35217
sur,Suriname,3.12812,3.79776,2.6869,0.19625,2.4062,3.59364,3.42936,1.63252,2.94962,3.08986,5.38437,4.26345,10.8101,20.2584,10.48457,-0.19034,15.15795,7.55456,7.03241,11.40071,4.41074,7.43699,0.47594,-0.31308,-0.93954,1.25184,17.25882,9.89739,12.12949,49.90843,12.33764,34.89892,157.45371,438.26373,276.75385,11.88255,1.4937,17.21162,73.97319,60.74282,39.53023,37.45328,21.31798,12.83793,15.53981,39.03612,6.4252,15.52114,6.48362,7.19655,13.84445,10.7352,0.38377,1.58369,4.85459,24.06936,28.14511,5.66059,5.17891,45.21776,62.07453,49.42328,32.26861,19.70386
svk,Slovak Republic,,,,,,,,,,,,,,,,,,,,,,,,,,,,,,,34.60714,11.21462,15.57791,13.44849,9.89107,4.68034,4.72933,5.00367,7.29395,9.68118,5.37523,4.04624,5.44608,5.9053,2.64657,2.89554,1.17773,2.98536,-1.12257,0.47053,1.61977,1.33888,0.53406,-0.1326,-0.18569,-0.39091,1.18187,2.10865,2.40121,2.40778,2.24388,7.4889,10.1401,3.63877
svn,Slovenia,,,,,,,,,,,,,,,,,,,,,,,,,,,,,,,94.92779,208.17782,37.07912,22.58924,15.15506,11.49664,8.30054,7.41428,6.54086,5.53606,8.70001,7.61981,5.66346,3.35817,1.503,2.2236,4.20025,4.50501,2.73284,-0.49147,1.36452,0.62662,1.1328,0.63155,0.8672,0.88548,1.28763,2.18095,2.33859,1.18953,2.68996,6.51715,10.05011,3.07753
swe,Sweden,2.93738,4.02027,2.7619,4.39853,5.99314,6.54798,5.01024,2.39152,3.41821,5.17311,7.11029,6.97317,7.03377,9.45815,14.5124,11.91897,10.52957,9.54907,7.94321,11.71651,8.76734,8.08461,9.95406,7.63598,6.40451,6.32272,4.72095,6.57121,7.92467,9.47382,8.24679,1.01534,2.21227,2.50242,3.70493,1.05235,1.49858,0.86707,1.00391,1.57194,2.58977,1.62347,1.84786,0.41464,0.76445,1.74607,2.92413,3.36159,2.3589,1.03026,1.1173,0.94952,1.01165,1.83271,2.25343,1.65202,2.22655,2.61612,2.42065,1.79366,2.74063,5.78194,6.03613,2.78773
swz,Eswatini,,,,,,,,,,,7.12484,9.62727,25.23068,10.28895,4.21373,13.57028,10.44613,10.55996,13.58771,8.20954,3.51034,15.17969,4.73692,11.06497,5.98737,13.91658,1.11312,24.13261,2.89174,30.38491,8.77775,11.18825,17.38976,10.97043,16.64938,7.68237,11.34484,7.40528,5.37006,25.34294,8.94262,8.91493,6.0055,3.87129,6.55682,4.04116,5.0143,10.42558,9.76992,3.19718,5.34095,8.74837,3.45518,6.37717,4.97633,5.02783,7.05081,3.09383,2.27889,4.71206,0.78389,8.43563,5.8757,2.75303
syc,Seychelles,1.4569,0.59902,-0.00246,4.37958,2.45082,-7.47427,2.03925,3.39807,2.35162,2.90538,1.57443,27.71122,12.54807,20.93437,13.50724,9.13417,43.80525,-0.45524,17.00997,31.03592,7.34665,1.72612,3.187,3.13325,2.27941,5.74668,3.67382,3.92875,2.12577,6.37018,-2.04316,4.66826,3.02831,2.65603,-2.07293,-6.08027,0.87466,10.41178,2.05663,1.25195,6.15676,3.61316,5.94683,24.67412,0.45865,1.44234,11.0794,31.92632,28.18196,-2.11971,1.06438,10.43728,5.64023,6.43587,-1.00319,-2.29457,2.33249,3.44738,0.12695,5.23043,2.75006,1.5699,4.08935,-0.74478
syr,Syria,-0.56543,-2.74775,22.50119,2.11543,-2.95205,7.59091,0.93773,4.3236,-3.17531,0.89497,8.15231,-8.35413,19.35595,27.73362,11.72219,6.93719,11.25586,9.05831,19.27186,14.88202,19.06166,1.73997,4.13003,11.26652,1.01705,30.45032,25.68328,23.44342,30.02388,23.82257,7.8452,5.58194,4.8839,14.08968,5.41155,10.17108,2.75712,-0.71771,7.4422,9.70099,6.55412,0.39412,-1.43064,10.32637,11.95045,9.09651,10.76906,15.95013,-2.78022,6.89927,11.57408,26.24626,31.77019,37.09458,38.21455,36.87104,37.22094,13.18794,19.83135,61.58641,118.27409,112.14365,120.32344,
tcd,Chad,5.06283,1.53458,5.64206,8.23125,5.6657,5.98288,3.27929,2.03146,2.06734,3.85955,8.99175,5.55368,6.71359,3.73569,8.2207,8.44953,8.61802,9.89978,8.18976,8.7349,8.05476,9.22078,0.01213,24.06635,-5.11319,-16.93283,-3.13308,9.36193,-1.25261,8.01233,3.0735,-12.90655,-1.3146,43.54496,8.83313,11.45845,3.78279,6.74941,-7.57287,5.2898,13.79765,1.90782,0.079,9.73426,66.77272,11.72813,-1.75666,11.33462,-1.64982,5.52309,8.11417,6.53354,-6.0456,-0.51972,-6.99812,-6.45706,2.07315,3.86899,-2.66131,-1.17768,8.53289,5.28363,0.09974,4.10035
tgo,Togo,-6.94683,0.71548,3.17492,1.45984,-2.32407,5.73776,1.74809,0.06095,4.83856,-1.62125,12.39324,-0.37235,3.13437,42.03208,-4.26384,14.21001,20.65741,-12.30419,7.547,10.46573,12.64742,7.08676,14.26012,1.87945,3.40144,5.5948,1.65884,2.58578,0.99235,2.97594,2.67109,3.24543,-8.19677,35.84238,11.08421,5.38793,2.03603,9.55663,1.11513,10.04946,1.63405,5.02786,-2.89311,-1.90789,5.87616,-0.50876,4.96379,9.0742,3.11723,-0.09334,2.8196,1.75039,1.68328,0.47988,2.20271,1.45776,-0.88495,0.45426,0.01194,1.93311,2.46637,4.15581,2.59457,2.74113
tha,Thailand,3.69863,0.5405,-1.16674,2.67778,4.31657,8.24533,-1.66769,-0.25299,3.33337,-4.9952,-0.78632,6.33694,18.44564,20.33469,3.48802,4.49709,6.0147,9.69718,8.64558,12.70248,8.37242,5.05785,3.64916,1.44787,2.1772,1.65316,4.72321,5.9184,6.11674,5.77318,5.74652,4.49045,6.49065,4.67276,5.74024,4.09814,4.42117,8.06371,-2.57695,1.33105,1.91753,1.69046,2.14955,3.56926,5.09156,5.10421,2.47334,5.13378,0.19477,4.08099,3.7431,1.90914,1.77875,1.44147,0.72211,2.63617,1.89994,1.42859,1.01442,-1.29878,1.77469,4.65955,1.27492,0.92741
tjk,Tajikistan,,,,,,,,,,,,,,,,,,,,,,,,,,-4.029,5.823,-2.57442,7.26278,6.28991,99.63351,574.01451,1207.21105,263.01148,294.53077,430.41273,65.2512,87.87635,26.50114,22.63187,30.94771,18.8197,27.08647,17.43158,9.51432,21.06244,27.238,28.16349,12.1262,12.46167,13.32436,11.86852,3.63301,4.76666,6.86625,0.54139,9.80547,2.49223,3.65868,1.65596,10.04451,8.26227,3.74357,6.57674
tkm,Turkmenistan,,,,,,,,,,,,,,,,,,,,,,,,,,,,-2.7234,8.31276,-20.86036,106.16092,3089.15255,1133.99015,952.30715,705.71848,1014.01162,61.80004,17.6168,23.0053,23.46455,32.31486,25.1531,27.15433,18.34776,7.02679,12.24996,9.26934,59.74039,9.76102,2.30609,12.85745,8.27008,1.15245,0.66918,-5.1533,-4.8656,-1.54244,1.21088,4.38275,-4.34974,2.77178,11.04188,-3.28371,3.61011
tls,Timor-Leste,,,,,,,,,,,,,,,,,,,,,,,,,,,,,,,4.06213,15.15565,4.75647,2.87291,3.06201,8.16009,0.23103,3.87678,7.1852,2.9989,11.83403,5.39204,6.80044,-10.48513,1.83748,2.3806,8.47752,7.25676,1.76513,10.9638,11.56567,6.16047,16.64277,-0.72805,7.20273,0.14137,-0.2128,-1.82295,5.84674,-19.37121,59.15573,11.39869,-20.82669,-7.52658
ton,Tonga,,,,,,,,,,,,,,,,,,,,,,7.86517,8.25706,6.51438,10.23616,16.17057,11.01204,9.06918,6.8051,12.24775,9.4613,7.44751,0.06577,28.62601,-3.42262,2.97478,-0.11799,2.82723,7.86612,2.63973,4.02072,7.61931,11.39968,8.40898,8.25223,18.24368,4.40674,4.43245,4.90886,7.72159,0.47523,4.2846,-2.29126,0.04154,5.20196,2.97355,5.57528,4.93735,4.728,0.43844,2.47456,2.07803,-0.02248,
tto,Trinidad and Tobago,-4.24012,3.04751,3.70103,-2.47877,2.75322,-5.57303,4.60952,8.92238,-0.05427,1.87372,6.63536,11.10992,21.18271,57.51167,24.57146,7.99565,13.34229,3.16482,24.70798,22.73704,7.21981,12.16195,6.32467,6.01071,1.2376,-1.24967,4.85267,4.15797,7.18401,15.48889,1.57239,-6.91486,8.81179,13.2678,4.16929,1.84954,-3.54357,-1.85648,4.30318,12.04315,2.79395,-5.19253,10.47856,8.88422,13.32143,1.72921,12.75185,23.79252,-27.63179,12.73334,15.7297,0.34547,2.00702,-0.99671,-8.8684,-0.60242,7.81438,1.03865,-1.96154,-2.35889,16.36634,16.58338,-11.90441,1.98499
tun,Tunisia,,6.48956,30.70043,11.36737,16.61206,1.5279,4.13145,1.32911,1.38076,6.59929,5.48331,2.88672,8.5608,24.39473,4.99456,2.89755,9.65331,6.46493,10.38784,12.79876,11.41075,16.00766,12.70072,6.9812,3.59712,3.52267,5.17071,7.70419,8.82928,4.4765,7.0368,5.69154,4.69134,4.52606,5.3511,4.3566,14.12534,3.27168,3.36142,3.28358,3.91358,2.2848,2.68476,3.35161,4.17584,3.83383,2.12648,6.34032,3.02304,9.46502,4.57111,4.66181,4.50027,4.66466,4.21384,4.93496,4.71389,7.92466,7.13521,6.80569,5.09938,3.28873,7.2716,9.55613
tur,Turkey,4.3734,5.78894,6.41669,2.35244,4.11786,5.94759,5.93989,4.76016,6.87632,8.6445,16.90209,10.97568,21.93022,28.99235,21.30924,15.61266,24.08902,47.54115,76.72087,93.00322,44.05707,28.22683,26.25825,48.23683,53.05448,36.00689,33.61223,69.01813,75.40483,58.2444,59.16411,65.19944,68.37943,104.74914,86.00754,77.22351,81.45486,143.63966,54.27996,49.36078,52.97976,37.57482,23.28928,12.42751,7.08542,9.37621,6.19976,12.04615,5.44645,7.00928,8.20085,7.42267,6.28011,7.38952,7.84492,8.13048,10.98242,16.51228,13.86776,14.78934,28.973,96.0362,68.23393,58.48491
tuv,Tuvalu,,,,,,,,,,,6.75785,6.82337,6.86427,6.82454,6.72036,6.6496,6.89427,7.24822,6.68818,6.15525,6.14069,8.11309,9.07121,3.79517,3.6602,5.93828,3.34258,6.45371,9.89267,2.04942,2.64307,7.34407,2.54643,-4.66491,5.15041,12.69226,-1.30535,2.74065,6.12145,14.45336,3.84615,4.83092,1.17302,5.73643,1.49489,4.12698,-0.83333,4.77941,1.05263,-0.56818,1.64134,2.17391,0.87719,7.5,3.20316,8.16327,2.96996,7.29559,6.43874,0.89083,4.68477,5.54756,6.0041,
tza,Tanzania,5.37917,0.59419,4.87991,2.79029,-2.43429,2.72912,-1.18349,0.88984,1.72405,3.5205,2.97054,6.27554,10.44553,19.53737,14.30328,24.33612,18.16082,9.15991,10.03757,12.98832,17.73439,19.01931,21.5715,20.44353,34.02541,25.46014,35.34757,36.37429,20.60074,22.44919,28.1126,25.37548,24.46199,31.16995,26.86195,19.31366,20.58723,14.22211,11.54,8.2011,4.81597,7.23303,8.41868,6.88562,6.4262,5.5101,9.09939,16.38075,9.04166,9.42872,12.19842,10.48389,9.66618,6.05085,7.59136,7.47203,2.63812,3.04136,2.28041,6.42301,2.6743,2.76261,2.74821,3.06322
uga,Uganda,,,,,,,,,,,,,,,,,,,,,,,45.94449,25.27681,120.33595,137.28088,180.98801,189.97511,115.44673,44.38009,26.01934,45.06803,30.13687,6.8485,9.37644,4.57248,3.09527,8.78571,-0.11313,11.11731,4.53448,-3.16956,7.80674,15.58755,-1.74119,2.40562,7.32125,6.36428,85.35328,5.63761,9.39166,3.83746,3.58691,5.10631,5.18786,4.781,4.64905,4.44339,3.00001,2.72148,2.54512,4.92229,6.74802,4.37145
ukr,Ukraine,,,,,,,,,,,,,,,,,,,,,,,,,,,,1.71813,3.84709,16.24909,96.10287,1768.23262,3333.58542,952.99595,415.80988,66.14566,18.0738,12.01202,27.39993,27.50141,10.20092,5.25374,8.16434,15.31074,24.09606,14.8525,22.84234,29.02011,12.62993,13.67323,14.18191,7.98256,4.30879,15.90174,38.88168,17.09713,22.09832,15.39853,8.24623,10.29496,24.80476,34.91529,19.87446,12.27914
ury,Uruguay,18.42688,11.99062,19.89871,40.35152,62.18479,72.31778,78.52849,116.24917,27.08023,4.18747,31.68997,69.16707,191.57412,28.48704,65.97788,47.29149,55.60669,46.80166,79.20819,54.7627,27.3446,18.16227,53.73105,56.34961,74.01716,70.96334,72.78399,74.63639,76.07947,106.83668,100.80817,59.62362,47.85193,38.95718,41.04833,26.43174,27.48517,12.38391,3.883,3.53931,4.82662,12.61628,16.54164,10.10506,0.67787,7.4144,10.31497,8.90239,8.61707,5.74686,9.87542,9.41291,8.99925,10.22066,9.85542,8.16546,5.6801,7.52563,8.25631,10.72343,11.07404,5.14768,3.41313,4.28018
usa,USA,1.13897,1.27293,1.15698,1.5496,1.82374,2.71805,2.90857,4.27456,4.8844,5.18954,5.06981,4.32613,5.47992,8.99869,9.26279,5.50349,6.21333,7.03393,8.29672,9.03311,9.46216,6.1784,3.91691,3.60788,3.16253,2.01389,2.47739,3.5275,3.92076,3.74333,3.38181,2.27885,2.37032,2.1352,2.09669,1.83076,1.72445,1.12387,1.4151,2.2652,2.25169,1.55399,1.97431,2.68909,3.13545,3.08384,2.70926,1.92671,0.61678,1.21529,2.06311,1.86216,1.70188,1.74162,0.92804,0.95032,1.7908,2.29089,1.65047,1.32883,4.56599,7.12948,3.59839,2.4181
uzb,Uzbekistan,,,,,,,,,,,,,,,,,,,,,,,,,,,,-1.30708,1.38053,3.97969,90.72728,712.14926,1078.88285,1238.59527,370.94395,81.55525,66.08707,38.99796,44.11536,47.29262,45.23948,45.48313,26.76518,15.91827,21.43087,23.46581,21.8971,26.79158,17.26157,48.58169,21.62651,15.39879,11.98789,14.02492,10.5007,8.93037,33.67937,25.88116,17.57601,10.61034,13.69297,14.46266,13.82304,13.39258
vct,St. Vincent and the Grenadines,2.50229,0.05375,0.68582,3.84862,1.47357,6.56371,11.72769,3.31062,5.45223,0.05862,4.22366,6.36319,25.43432,25.44763,15.46914,7.7146,37.25348,12.30395,13.02597,13.05355,18.51312,6.65912,5.18744,3.62027,1.58546,4.58356,8.68423,0.2165,5.50084,7.47199,4.82666,2.53541,-1.19518,2.3703,1.31151,3.56526,1.35884,3.211,1.8173,7.76171,6.11923,0.20689,-2.17349,3.74723,2.90358,3.70227,7.32641,2.25812,-1.14391,5.5806,-0.3189,1.09274,2.24218,-0.44463,-0.73197,-0.59352,2.17154,1.54855,2.27363,-0.80851,0.68115,7.95198,2.91401,3.71198
ven,Venezuela,2.01373,0.66505,4.91983,-0.3665,2.16721,2.64493,2.43423,1.0651,1.77946,4.35826,8.23266,6.26878,11.20039,50.10797,2.263,6.19354,8.44843,6.08668,21.94558,28.02724,12.60638,4.2845,3.63526,42.55126,10.42021,-1.17682,37.44452,18.49766,89.16312,41.74066,21.44962,28.24406,31.64582,62.89068,51.7599,115.52472,33.94746,18.89029,26.19271,29.45283,7.9969,33.02288,34.93376,33.95372,29.60406,17.90432,15.44848,30.13245,7.83167,45.94327,28.14919,14.05943,35.50267,40.44049,,,,,,,,,,
vnm,Vietnam,,,,,,,,,,,,,,,,,,,,,,,,,,398.07309,362.55632,411.04025,69.68873,42.0951,72.54638,32.62918,17.41497,16.95232,17.0402,8.69677,6.5974,8.83786,5.7347,3.40883,2.62226,4.69893,7.1096,8.43331,18.81052,8.56895,9.63023,22.67332,6.21562,42.30327,21.41368,9.07766,4.03852,3.69814,-1.71651,1.81954,4.36292,3.62665,2.42323,1.46748,2.88077,4.44283,2.09339,4.15959
vut,Vanuatu,,,,,,,,,,,,,,,,,,,,13.91267,15.68222,8.09697,2.7976,12.16622,-3.45015,-2.97253,16.47518,9.79606,6.44866,-0.9681,10.26785,2.78618,2.06266,2.3103,1.73194,2.08519,3.17702,4.59393,3.07864,2.17897,3.62491,2.87442,0.79874,2.11688,0.41954,3.87272,5.77696,7.16457,2.55471,1.47171,2.78691,-0.46404,3.00719,2.13209,6.03621,1.8403,4.15811,3.2078,3.28039,2.78534,4.08693,5.12091,13.94142,-0.78712
wsm,Samoa,,,,,,,,,,,4.40918,7.66601,11.84466,25.28468,8.37841,4.54042,15.17857,-2.94118,14.29231,22,16.22198,20.90419,17.89677,15.86564,1.53898,-0.30971,4.51743,18.37399,-2.79209,9.00644,6.11137,8.56597,0.65473,68.22795,-6.97546,4.59005,11.83641,3.41364,1.12623,2.0749,3.36685,1.48135,2.5475,7.07276,3.99513,5.27411,7.48869,9.11982,1.67772,-5.14594,-0.90986,4.02648,2.34629,0.85311,3.96467,2.24476,0.30491,1.09758,1.49949,1.22361,-0.40125,5.63838,8.08917,5.00878
yem,Yemen,,,,,,,,,,,,,,,,,,,,,,,,,,,,,,,11.99358,13.17175,16.37591,20.78436,45.74334,36.77009,13.29049,-8.34295,33.46091,23.34605,2.7482,8.71188,10.89234,14.11332,18.53335,13.58865,10.88828,20.37775,-8.70527,23.61629,18.11367,5.89316,9.20896,7.16332,46.47625,0.13441,18.55357,14.85366,,,,,,
zaf,South Africa,1.55245,0.18399,3.00393,2.04865,3.0025,4.12005,3.85499,3.92194,7.3867,4.69054,5.94441,10.7215,17.12723,14.81761,10.94481,10.29198,10.25648,10.52062,13.96174,23.04617,11.40643,14.55366,17.06912,11.15054,16.14433,16.65687,14.84803,15.42083,17.08166,15.44544,15.65452,14.71403,13.36426,9.81219,10.83832,8.02209,8.13743,8.07574,6.88883,9.18219,7.80047,12.53796,6.39576,6.04217,5.59701,6.06464,8.24576,7.85033,8.66304,6.12843,5.53906,4.68521,5.84411,5.36655,5.54553,6.95217,5.47332,3.9933,4.61352,5.39139,6.53869,4.99247,4.80427,3.8433
zmb,Zambia,-3.65583,2.09156,0.4036,4.08311,10.58906,23.64185,0.26287,15.93991,22.94621,-11.39441,-7.49652,3.71051,19.88985,10.82215,-14.1699,15.20459,8.25402,12.68149,21.88907,11.76292,7.15862,6.1386,18.62935,18.33123,41.13735,81.98836,62.0129,34.4903,80.87733,106.38892,92.65458,165.53395,143.65834,80.7422,30.61112,24.34926,25.40254,16.90687,17.92387,32.61387,25.33126,19.39092,17.60772,19.71682,16.6502,14.54225,12.97021,10.64024,5.55969,13.95091,11.10741,6.99223,9.73089,5.44052,6.65929,13.5761,10.07284,7.41157,7.63347,13.91387,25.14278,6.14032,7.09463,18.77915
zwe,Zimbabwe,-2.0413,0.46962,-2.34774,6.14401,2.70414,-3.72997,0.57656,3.86621,5.08033,-12.05314,6.16325,13.45357,20.45066,12.85376,11.93375,-1.66791,8.51,2.48123,15.18073,12.74093,6.59908,3.85876,-10.5015,-16.59475,-17.01666,8.02588,7.18936,7.78512,0.79293,-0.92043,-6.7773,-14.12966,-3.79112,-3.89567,3.03854,8.98438,-2.87905,-27.04865,8.00681,0.6279,-0.13089,2.71295,8.80128,7.61152,5.1366,-2.01768,0.89489,1.34922,93.24834,4.09764,2.55275,4.02893,9.37108,-0.25197,0.60738,2.16179,197.45466,3.55406,225.39484,604.94561,113.29495,266.98745,921.53526,1091.50561
