geo,name,1960,1961,1962,1963,1964,1965,1966,1967,1968,1969,1970,1971,1972,1973,1974,1975,1976,1977,1978,1979,1980,1981,1982,1983,1984,1985,1986,1987,1988,1989,1990,1991,1992,1993,1994,1995,1996,1997,1998,1999,2000,2001,2002,2003,2004,2005,2006,2007,2008,2009,2010,2011
ago,Angola,,,,,,,,,,,,,,,,,,,,,,,,,,,,,,,,,,,,,,,,,,,,,,,,,,,,
alb,Albania,,,,,,,,,,,,,,,,,,,,,,,,,,,,,,,,,,,,,,,,,,,,,,,,,,,,
are,UAE,,,,,,,,,,,,,,,,,,,,,,,,,,,,,,,,,,,,,,,,,,,,,,,,,,,,
arg,Argentina,,,,,,,,,,,,,,,89080,216400,221200,140800,249000,231500,201200,242100,160800,292800,399100,495800,491100,555900,498500,433300,626100,666900,608900,666400,708100,607600,641400,684500,640800,611000,531100,607000,500500,650600,676600,591000,661300,620600,630300,701700,616600,
arm,Armenia,,,,,,,,,,,,,,,,,,,,,,,,,,,,,,,,,,,,26140,199800,138200,136600,178700,172400,170900,196200,171800,189300,233500,227000,219500,211600,214400,214100,
aus,Australia,,,,,,,,,,,,,,,,,,,,,,,,,,,,,,,,,,,,,,,,,,,,,,,,,,,,
aut,Austria,,,,,,,,,,,,,,,,,,,,,,,,,,,,,,,,,,,,,,,,,,,,,,,,,,,,
aze,Azerbaijan,,,,,,,,,,,,,,,,,,,,,,,,,,,,,,,,,,,,,,,,,,,,,,,,,,,,
bel,Belgium,,,343.9,4041,4385,,515.9,8083,5245,1892,4901,,945.8,6535,12730,583300,862900,1027000,1076000,980800,1079000,1106000,1347000,2073000,2385000,2975000,3387000,3609000,3706000,3544000,3673000,3685000,3737000,3605000,3493000,3556000,3726000,4076000,3969000,4215000,4141000,3985000,4072000,4074000,4068000,4092000,4011000,4147000,3918000,4060000,4122000,4147000
ben,Benin,,,,,,,,,,,,,,,,,,,,,,,,,,,,,,,,,,,,,,,,,,,,,,,,,,,,
bgd,Bangladesh,,,,,,,,,,,,,,,,,,,,,,,,,,,,,,,,,,,,,,,,,,,,,,,,,,,,
bgr,Bulgaria,,,,,,,,,,,,,,,79790,219600,429000,505900,508200,531400,530100,784100,924000,1059000,1095000,1129000,1038000,1069000,1378000,1252000,1261000,1134000,993300,1201000,1319000,1484000,1555000,1526000,1453000,1360000,1563000,1681000,1739000,1486000,1446000,1604000,1676000,1259000,1356000,1312000,1311000,
bhr,Bahrain,,,,,,,,,,,,,,,,,,,,,,,,,,,,,,,,,,,,,,,,,,,,,,,,,,,,
bih,Bosnia and Herzegovina,,,,,,,,,,,,,,,,,,,,,,,,,,,,,,,,,,,,,,,,,,,,,,,,,,,,
blr,Belarus,,,,,,,,,,,,,,,,,,,,,,,,,,,,,,,,,,,,,,,,,,,,,,,,,,,,
bol,Bolivia,,,,,,,,,,,,,,,,,,,,,,,,,,,,,,,,,,,,,,,,,,,,,,,,,,,,
bra,Brazil,,,,,,,,,,,,,,,,,,,,,,,,,141300,290700,12380,83660,52280,157400,192300,124000,151200,38010,4729,216600,208700,272500,280700,342000,519900,1228000,1190000,1149000,998400,847400,1183000,1062000,1201000,1114000,1249000,
brn,Brunei,,,,,,,,,,,,,,,,,,,,,,,,,,,,,,,,,,,,,,,,,,,,,,,,,,,,
bwa,Botswana,,,,,,,,,,,,,,,,,,,,,,,,,,,,,,,,,,,,,,,,,,,,,,,,,,,,
can,Canada,,,,7997,12980,11010,14790,13160,78930,45490,89170,366900,620000,1312000,1264000,1081000,1498000,2265000,2683000,3033000,3270000,3445000,3296000,4180000,4489000,5204000,6128000,6643000,7125000,6868000,6274000,7303000,6929000,8077000,9272000,8413000,7977000,7096000,6149000,6319000,6260000,6595000,6494000,6440000,7772000,7914000,8423000,8039000,8078000,7747000,7795000,7819000
che,Switzerland,,,,,,,,,,46000,151800,119600,330200,542600,607700,667300,682600,697700,721800,1015000,1234000,1318000,1301000,1351000,1586000,1940000,1942000,1978000,1960000,1964000,2032000,1974000,2016000,2008000,2095000,2141000,2162000,2185000,2221000,2221000,2274000,2305000,2342000,2363000,2318000,2007000,2392000,2401000,2382000,2381000,2265000,2297000
chl,Chile,,,,,,,,,,,,,,,,,,,,,,,,,,,,,,,,,,,,,,,,,,,,,,,,,,,,
chn,China,,,,,,,,,,,,,,,,,,,,,,,,,,,,,,,,,,137900,1269000,1103000,1233000,1240000,1212000,1285000,1439000,1502000,2161000,3727000,4340000,4565000,4716000,5342000,5881000,6030000,6353000,
civ,Cote d'Ivoire,,,,,,,,,,,,,,,,,,,,,,,,,,,,,,,,,,,,,,,,,,,,,,,,,,,,
cmr,Cameroon,,,,,,,,,,,,,,,,,,,,,,,,,,,,,,,,,,,,,,,,,,,,,,,,,,,,
cod,"Congo, Dem. Rep.",,,,,,,,,,,,,,,,,,,,,,,,,,,,,,,,,,,,,,,,,,,,,,,,,,,,
cog,"Congo, Rep.",,,,,,,,,,,,,,,,,,,,,,,,,,,,,,,,,,,,,,,,,,,,,,,,,,,,
col,Colombia,,,,,,,,,,,,,,,,,,,,,,,,,,,,,,,,,,,,,,,,,,,,,,,,,,,,
cri,Costa Rica,,,,,,,,,,,,,,,,,,,,,,,,,,,,,,,,,,,,,,,,,,,,,,,,,,,,
cub,Cuba,,,,,,,,,,,,,,,,,,,,,,,,,,,,,,,,,,,,,,,,,,,,,,,,,,,,
cyp,Cyprus,,,,,,,,,,,,,,,,,,,,,,,,,,,,,,,,,,,,,,,,,,,,,,,,,,,,
cze,Czech Republic,,,,,,,,,,,,,,,,,,,,,,,,17200,106500,206100,528700,920100,1016000,1068000,1082000,1043000,1053000,1086000,1116000,1052000,1105000,1074000,1133000,1148000,1169000,1268000,1611000,2225000,2264000,2126000,2240000,2250000,2283000,2339000,2407000,2432000
deu,Germany,,2064,8598,4815,8942,10060,22790,105300,151800,424500,558400,534500,818700,1041000,1243000,2075000,2539000,3547000,3772000,4477000,4780000,5635000,6399000,6712000,8970000,11920000,11220000,12190000,13480000,13900000,13110000,12660000,13650000,13180000,12960000,13160000,13760000,14650000,13900000,14620000,14580000,14730000,14170000,14190000,14370000,14020000,14380000,12080000,12770000,11600000,12090000,9284000
dnk,Denmark,,,,,,,,,,,,,,,,,,,,,,,,,,,,,,,,,,,,,,,,,,,,,,,,,,,,
dom,Dominican Republic,,,,,,,,,,,,,,,,,,,,,,,,,,,,,,,,,,,,,,,,,,,,,,,,,,,,
dza,Algeria,,,,,,,,,,,,,,,,,,,,,,,,,,,,,,,,,,,,,,,,,,,,,,,,,,,,
ecu,Ecuador,,,,,,,,,,,,,,,,,,,,,,,,,,,,,,,,,,,,,,,,,,,,,,,,,,,,
egy,Egypt,,,,,,,,,,,,,,,,,,,,,,,,,,,,,,,,,,,,,,,,,,,,,,,,,,,,
eri,Eritrea,,,,,,,,,,,,,,,,,,,,,,,,,,,,,,,,,,,,,,,,,,,,,,,,,,,,
esp,Spain,,,,,,,,,7137,71280,79360,216900,408500,562800,621100,648700,649600,561000,657700,576100,445900,822700,754200,916700,1985000,2411000,3221000,3549000,4339000,4826000,4666000,4779000,4796000,4820000,4756000,4768000,4844000,4755000,5072000,5060000,5349000,5478000,5418000,5320000,5469000,4947000,5170000,4738000,5071000,4537000,5330000,4957000
est,Estonia,,,,,,,,,,,,,,,,,,,,,,,,,,,,,,,,,,,,,,,,,,,,,,,,,,,,
eth,Ethiopia,,,,,,,,,,,,,,,,,,,,,,,,,,,,,,,,,,,,,,,,,,,,,,,,,,,,
fin,Finland,,,,,,,,,,,,,,,,,,228700,280700,579700,603800,1261000,1442000,1524000,1622000,1639000,1639000,1689000,1681000,1641000,1652000,1678000,1656000,1713000,1670000,1652000,1675000,1797000,1879000,1975000,1933000,1958000,1917000,1955000,1953000,2001000,1970000,2014000,1974000,2023000,1960000,1994000
fra,France,12550,23300,40670,40070,56320,90540,138100,251200,304300,426100,491100,802800,1255000,1267000,1264000,1569000,1357000,1547000,2621000,3436000,5267000,9056000,9365000,12400000,16440000,19270000,21850000,22830000,23690000,26130000,27010000,28490000,29100000,31660000,30950000,32440000,34170000,34010000,33360000,33900000,35700000,36210000,37550000,37930000,38540000,38820000,38710000,37810000,37790000,35230000,36850000,38040000
gab,Gabon,,,,,,,,,,,,,,,,,,,,,,,,,,,,,,,,,,,,,,,,,,,,,,,,,,,,
gbr,UK,191200,220700,319900,547300,701900,1301000,1738000,2001000,2252000,2504000,2237000,2369000,2526000,2407000,2891000,2609000,3109000,3441000,3201000,3294000,3183000,3265000,3781000,4293000,4641000,5253000,5080000,4750000,5456000,6168000,5653000,6066000,6604000,7683000,7591000,7650000,8140000,8439000,8554000,8180000,7314000,7747000,7554000,7626000,6879000,7018000,6488000,5419000,4513000,5941000,5343000,5936000
geo,Georgia,,,,,,,,,,,,,,,,,,,,,,,,,,,,,,,,,,,,,,,,,,,,,,,,,,,,
gha,Ghana,,,,,,,,,,,,,,,,,,,,,,,,,,,,,,,,,,,,,,,,,,,,,,,,,,,,
grc,Greece,,,,,,,,,,,,,,,,,,,,,,,,,,,,,,,,,,,,,,,,,,,,,,,,,,,,
gtm,Guatemala,,,,,,,,,,,,,,,,,,,,,,,,,,,,,,,,,,,,,,,,,,,,,,,,,,,,
hnd,Honduras,,,,,,,,,,,,,,,,,,,,,,,,,,,,,,,,,,,,,,,,,,,,,,,,,,,,
hrv,Croatia,,,,,,,,,,,,,,,,,,,,,,,,,,,,,,,,,,,,,,,,,,,,,,,,,,,,
hti,Haiti,,,,,,,,,,,,,,,,,,,,,,,,,,,,,,,,,,,,,,,,,,,,,,,,,,,,
hun,Hungary,,,,,,,,,,,,,,,,,,,,,,,,212600,323800,557200,638300,944600,1156000,1194000,1181000,1180000,1201000,1186000,1208000,1206000,1219000,1201000,1199000,1212000,1219000,1215000,1200000,946900,1025000,1190000,1157000,1262000,1274000,1326000,1355000,1349000
idn,Indonesia,,,,,,,,,,,,,,,,,,,,,,,,,,,,,,,,,,,,,,,,,,,,,,,,,,,,
ind,India,,,,,,,,,,,,102300,97420,206000,189700,225800,279600,195400,238200,247400,258000,259800,173900,304900,350400,428400,431800,432900,500200,397700,528000,475100,578300,464100,485600,686300,780000,867000,1025000,1139000,1453000,1675000,1667000,1529000,1463000,1490000,1617000,1458000,1283000,1602000,2258000,
irl,Ireland,,,,,,,,,,,,,,,,,,,,,,,,,,,,,,,,,,,,,,,,,,,,,,,,,,,,
irn,Iran,,,,,,,,,,,,,,,,,,,,,,,,,,,,,,,,,,,,,,,,,,,,,,,,,,,,
irq,Iraq,,,,,,,,,,,,,,,,,,,,,,,,,,,,,,,,,,,,,,,,,,,,,,,,,,,,
isl,Iceland,,,,,,,,,,,,,,,,,,,,,,,,,,,,,,,,,,,,,,,,,,,,,,,,,,,,
isr,Israel,,,,,,,,,,,,,,,,,,,,,,,,,,,,,,,,,,,,,,,,,,,,,,,,,,,,
ita,Italy,,,,27770,206400,301800,332200,271000,221500,144400,273100,289300,311800,270200,293200,326700,327300,291100,380700,226000,189900,232800,585000,497200,592200,604000,753100,14960,,,,,,,,,,,,,,,,,,,,,,,,
jam,Jamaica,,,,,,,,,,,,,,,,,,,,,,,,,,,,,,,,,,,,,,,,,,,,,,,,,,,,
jor,Jordan,,,,,,,,,,,,,,,,,,,,,,,,,,,,,,,,,,,,,,,,,,,,,,,,,,,,
jpn,Japan,,,,,,,51590,51590,85980,94580,395500,687900,816900,834700,1694000,2160000,2930000,2722000,5100000,6053000,7102000,7551000,8807000,9827000,11540000,13720000,14470000,16140000,15360000,15720000,17390000,18350000,19200000,21430000,23140000,25040000,25980000,27440000,28580000,27220000,27690000,27500000,25370000,20640000,24290000,26200000,26090000,22690000,22200000,24050000,24780000,8750000
kaz,Kazakhstan,,,,,,,,,,,,,,,,,,,,,,,,,,,,,,,,,,,,,,,,,,,,,,,,,,,,
ken,Kenya,,,,,,,,,,,,,,,,,,,,,,,,,,,,,,,,,,,,,,,,,,,,,,,,,,,,
kgz,Kyrgyz Republic,,,,,,,,,,,,,,,,,,,,,,,,,,,,,,,,,,,,,,,,,,,,,,,,,,,,
khm,Cambodia,,,,,,,,,,,,,,,,,,,,,,,,,,,,,,,,,,,,,,,,,,,,,,,,,,,,
kor,South Korea,,,,,,,,,,,,,,,,,,6105,199800,271000,299000,249100,324800,770900,1014000,1440000,2434000,3380000,3448000,4073000,4547000,4842000,4861000,4999000,5043000,5763000,6356000,6628000,7712000,8862000,9369000,9642000,10240000,11150000,11240000,12620000,12790000,12290000,12980000,12710000,12780000,12910000
kwt,Kuwait,,,,,,,,,,,,,,,,,,,,,,,,,,,,,,,,,,,,,,,,,,,,,,,,,,,,
lbn,Lebanon,,,,,,,,,,,,,,,,,,,,,,,,,,,,,,,,,,,,,,,,,,,,,,,,,,,,
lby,Libya,,,,,,,,,,,,,,,,,,,,,,,,,,,,,,,,,,,,,,,,,,,,,,,,,,,,
lka,Sri Lanka,,,,,,,,,,,,,,,,,,,,,,,,,,,,,,,,,,,,,,,,,,,,,,,,,,,,
ltu,Lithuania,,,,,,,,,,,,,,,,,,,,,,,,,,,,,,,1465000,1462000,1259000,1054000,662600,1017000,1199000,1034000,1165000,848000,723900,977000,1216000,1331000,1299000,888800,743900,845500,850700,933100,,
lux,Luxembourg,,,,,,,,,,,,,,,,,,,,,,,,,,,,,,,,,,,,,,,,,,,,,,,,,,,,
lva,Latvia,,,,,,,,,,,,,,,,,,,,,,,,,,,,,,,,,,,,,,,,,,,,,,,,,,,,
mar,Morocco,,,,,,,,,,,,,,,,,,,,,,,,,,,,,,,,,,,,,,,,,,,,,,,,,,,,
mda,Moldova,,,,,,,,,,,,,,,,,,,,,,,,,,,,,,,,,,,,,,,,,,,,,,,,,,,,
mex,Mexico,,,,,,,,,,,,,,,,,,,,,,,,,,,,,,31990,252500,364700,337000,424000,364500,726000,677400,899100,796600,860000,706900,750300,838100,903000,790500,929100,934300,896000,843000,902900,505500,867500
mkd,North Macedonia,,,,,,,,,,,,,,,,,,,,,,,,,,,,,,,,,,,,,,,,,,,,,,,,,,,,
mlt,Malta,,,,,,,,,,,,,,,,,,,,,,,,,,,,,,,,,,,,,,,,,,,,,,,,,,,,
mmr,Myanmar,,,,,,,,,,,,,,,,,,,,,,,,,,,,,,,,,,,,,,,,,,,,,,,,,,,,
mne,Montenegro,,,,,,,,,,,,,,,,,,,,,,,,,,,,,,,,,,,,,,,,,,,,,,,,,,,,
mng,Mongolia,,,,,,,,,,,,,,,,,,,,,,,,,,,,,,,,,,,,,,,,,,,,,,,,,,,,
moz,Mozambique,,,,,,,,,,,,,,,,,,,,,,,,,,,,,,,,,,,,,,,,,,,,,,,,,,,,
mys,Malaysia,,,,,,,,,,,,,,,,,,,,,,,,,,,,,,,,,,,,,,,,,,,,,,,,,,,,
nam,Namibia,,,,,,,,,,,,,,,,,,,,,,,,,,,,,,,,,,,,,,,,,,,,,,,,,,,,
nga,Nigeria,,,,,,,,,,,,,,,,,,,,,,,,,,,,,,,,,,,,,,,,,,,,,,,,,,,,
nic,Nicaragua,,,,,,,,,,,,,,,,,,,,,,,,,,,,,,,,,,,,,,,,,,,,,,,,,,,,
nld,Netherlands,,,,,,,,,2408,27090,31640,34820,28030,95270,281800,286800,332900,319000,349100,300000,361100,314500,335100,308600,319100,335300,362500,305800,316000,345600,301100,286200,326700,339500,341100,345500,357700,207100,327900,329500,337600,341900,336600,345500,328600,343700,298300,361100,358500,363500,341300,356100
nor,Norway,,,,,,,,,,,,,,,,,,,,,,,,,,,,,,,,,,,,,,,,,,,,,,,,,,,,
npl,Nepal,,,,,,,,,,,,,,,,,,,,,,,,,,,,,,,,,,,,,,,,,,,,,,,,,,,,
nzl,New Zealand,,,,,,,,,,,,,,,,,,,,,,,,,,,,,,,,,,,,,,,,,,,,,,,,,,,,
omn,Oman,,,,,,,,,,,,,,,,,,,,,,,,,,,,,,,,,,,,,,,,,,,,,,,,,,,,
pak,Pakistan,,,,,,,,,,,,8942,8942,26140,39470,52020,52450,36200,19860,9114,172,12900,15740,19600,27860,29750,36970,43160,21840,2580,25190,33100,50040,42730,43940,41530,29750,32240,24420,34310,171700,197000,149600,151300,240300,213600,196700,264600,139100,248800,294100,
pan,Panama,,,,,,,,,,,,,,,,,,,,,,,,,,,,,,,,,,,,,,,,,,,,,,,,,,,,
per,Peru,,,,,,,,,,,,,,,,,,,,,,,,,,,,,,,,,,,,,,,,,,,,,,,,,,,,
phl,Philippines,,,,,,,,,,,,,,,,,,,,,,,,,,,,,,,,,,,,,,,,,,,,,,,,,,,,
pol,Poland,,,,,,,,,,,,,,,,,,,,,,,,,,,,,,,,,,,,,,,,,,,,,,,,,,,,
prk,North Korea,,,,,,,,,,,,,,,,,,,,,,,,,,,,,,,,,,,,,,,,,,,,,,,,,,,,
prt,Portugal,,,,,,,,,,,,,,,,,,,,,,,,,,,,,,,,,,,,,,,,,,,,,,,,,,,,
pry,Paraguay,,,,,,,,,,,,,,,,,,,,,,,,,,,,,,,,,,,,,,,,,,,,,,,,,,,,
qat,Qatar,,,,,,,,,,,,,,,,,,,,,,,,,,,,,,,,,,,,,,,,,,,,,,,,,,,,
rou,Romania,,,,,,,,,,,,,,,,,,,,,,,,,,,,,,,,,,,,,119200,464300,456300,446900,469100,468300,474000,421800,477000,477600,484300,662900,965300,1010000,999400,
rus,Russia,,,,,,,,,,,,,,,,,,,,,,,,,,,,,,,10170000,10320000,10290000,10250000,8411000,8558000,9375000,9329000,9056000,10480000,11240000,11770000,12180000,12930000,12440000,12850000,13450000,13760000,14020000,14070000,14650000,
sau,Saudi Arabia,,,,,,,,,,,,,,,,,,,,,,,,,,,,,,,,,,,,,,,,,,,,,,,,,,,,
sdn,Sudan,,,,,,,,,,,,,,,,,,,,,,,,,,,,,,,,,,,,,,,,,,,,,,,,,,,,
sen,Senegal,,,,,,,,,,,,,,,,,,,,,,,,,,,,,,,,,,,,,,,,,,,,,,,,,,,,
sgp,Singapore,,,,,,,,,,,,,,,,,,,,,,,,,,,,,,,,,,,,,,,,,,,,,,,,,,,,
slv,El Salvador,,,,,,,,,,,,,,,,,,,,,,,,,,,,,,,,,,,,,,,,,,,,,,,,,,,,
srb,Serbia,,,,,,,,,,,,,,,,,,,,,,,,,,,,,,,,,,,,,,,,,,,,,,,,,,,,
svk,Slovak Republic,,,,,,,,,,,,,258,19950,41790,16080,38010,9802,1634,184600,388900,441400,502100,528800,622400,806700,1007000,989900,986600,1045000,1035000,1005000,950100,987600,1083000,983400,967200,952100,979700,1128000,1418000,1471000,1544000,1536000,1464000,1524000,1549000,1318000,1436000,1211000,1253000,1237000
svn,Slovenia,,,,,,,,,,,,,,,,,,,,,,,,,,,,,,,397400,425800,341400,340200,396300,410900,399600,431600,433500,403800,409400,452000,475300,447700,469400,505900,477000,489700,539400,493500,486400,534400
swe,Sweden,,,,,,1548,3869,4299,1978,5245,4815,7739,126000,181500,176600,1029000,1375000,1712000,2045000,1809000,2278000,3240000,3357000,3526000,4379000,5035000,6015000,5794000,5969000,5641000,5863000,6600000,5464000,5279000,6290000,6013000,6386000,6013000,6327000,6293000,4928000,6200000,5856000,5797000,6663000,6223000,5759000,5758000,5493000,4486000,4972000,5164000
syr,Syria,,,,,,,,,,,,,,,,,,,,,,,,,,,,,,,,,,,,,,,,,,,,,,,,,,,,
tgo,Togo,,,,,,,,,,,,,,,,,,,,,,,,,,,,,,,,,,,,,,,,,,,,,,,,,,,,
tha,Thailand,,,,,,,,,,,,,,,,,,,,,,,,,,,,,,,,,,,,,,,,,,,,,,,,,,,,
tjk,Tajikistan,,,,,,,,,,,,,,,,,,,,,,,,,,,,,,,,,,,,,,,,,,,,,,,,,,,,
tkm,Turkmenistan,,,,,,,,,,,,,,,,,,,,,,,,,,,,,,,,,,,,,,,,,,,,,,,,,,,,
tto,Trinidad and Tobago,,,,,,,,,,,,,,,,,,,,,,,,,,,,,,,,,,,,,,,,,,,,,,,,,,,,
tun,Tunisia,,,,,,,,,,,,,,,,,,,,,,,,,,,,,,,,,,,,,,,,,,,,,,,,,,,,
tur,Turkey,,,,,,,,,,,,,,,,,,,,,,,,,,,,,,,,,,,,,,,,,,,,,,,,,,,,
tza,Tanzania,,,,,,,,,,,,,,,,,,,,,,,,,,,,,,,,,,,,,,,,,,,,,,,,,,,,
ukr,Ukraine,,,,,,,,,,,,,,,,,,,,,,,,,,,,,,,6550000,6460000,6341000,6470000,5920000,6064000,6842000,6830000,6469000,6196000,6650000,6549000,6706000,7000000,7483000,7632000,7758000,7957000,7725000,7130000,7666000,
ury,Uruguay,,,,,,,,,,,,,,,,,,,,,,,,,,,,,,,,,,,,,,,,,,,,,,,,,,,,
usa,USA,47640,155500,208900,295500,307500,336500,507900,657400,1153000,1281000,2006000,3487000,4971000,7667000,10430000,15780000,17420000,22870000,25190000,23260000,22890000,24850000,25770000,26770000,29860000,34970000,37740000,41490000,48030000,48250000,52590000,55840000,56400000,55630000,58380000,61380000,61500000,57300000,61400000,66360000,68590000,68150000,69180000,67740000,69930000,69710000,70180000,71940000,72040000,71390000,72140000,70630000
uzb,Uzbekistan,,,,,,,,,,,,,,,,,,,,,,,,,,,,,,,,,,,,,,,,,,,,,,,,,,,,
ven,Venezuela,,,,,,,,,,,,,,,,,,,,,,,,,,,,,,,,,,,,,,,,,,,,,,,,,,,,
vnm,Vietnam,,,,,,,,,,,,,,,,,,,,,,,,,,,,,,,,,,,,,,,,,,,,,,,,,,,,
yem,Yemen,,,,,,,,,,,,,,,,,,,,,,,,,,,,,,,,,,,,,,,,,,,,,,,,,,,,
zaf,South Africa,,,,,,,,,,,,,,,,,,,,,,,,,337500,457000,756900,530300,902200,954300,726500,786200,798600,623800,833800,971700,1012000,1087000,1169000,1104000,1119000,921700,1031000,1089000,1149000,971000,862100,973100,1118000,1101000,1040000,
zmb,Zambia,,,,,,,,,,,,,,,,,,,,,,,,,,,,,,,,,,,,,,,,,,,,,,,,,,,,
zwe,Zimbabwe,,,,,,,,,,,,,,,,,,,,,,,,,,,,,,,,,,,,,,,,,,,,,,,,,,,,
